company,year,is_financial,sector,revenue,operating_profit,net_income,total_assets,total_liabilities,equity,cash
BGF리테일,2017,0,,938735224712.0,26516479984.0,27983934658.0,1277349524088,888705326553,388644197535,
BGF리테일,2018,0,,5775862323457.0,189516685804.0,154186683020.0,1482568536572,960905506895,521663029677,
BGF리테일,2019,0,,5946068219555.0,196623293754.0,151377053549.0,2172410899706,1549815137631,622595762075,
BGF리테일,2020,0,,6181269419288.0,162204243583.0,122711267434.0,2371169598247,1674341687928,696827910319,
BGF리테일,2021,0,,6781161259022.0,199441703668.0,147642852239.0,2596378756682,1787059387273,809319369409,
BGF리테일,2022,0,,7615769467741.0,252407573570.0,193538863026.0,2946235271626,1983607627851,962627643775,
BGF리테일,2023,0,,8194753978897.0,253187753623.0,195844952003.0,3219078523118,2144625475397,1074453047721,
BGF리테일,2024,0,,8698757469111.0,251641247239.0,195217876198.0,3402590175982,2218457219442,1184132956540,
CJ ENM,2013,0,,2513495629871.0,258209456365.0,166535449023.0,3030942895131,1861772466601,1169170428530,
CJ ENM,2014,0,,2604907441415.0,234441704480.0,105787150953.0,3153682320906,1887270011527,1266412309379,
CJ ENM,2015,0,,2308605389638.0,209654718318.0,112018538766.0,2988232404363,1638102960054,1350129444309,
CJ ENM,2016,0,,2208596188143.0,178880156479.0,32583105673.0,2753593503931,1390704879495,1362888624436,
CJ ENM,2017,0,,2260006796348.0,224481550757.0,143441965513.0,2801818454439,1317714354251,1484104100188,
CJ ENM,2018,0,,3426817049096.0,251016488622.0,184218974433.0,6754948264541,3329299954479,3425648310062,
CJ ENM,2019,0,,3789723949697.0,269385174265.0,58615849418.0,5434907587861,2283014093463,3151893494398,
CJ ENM,2020,0,,3391184002869.0,272067865192.0,65629506717.0,6279917456928,2494738813674,3785178643254,
CJ ENM,2021,0,,3552396542302.0,296876105378.0,227562448542.0,7940624818521,3737319022978,4203305795543,
CJ ENM,2022,0,,4792237788876.0,137375904912.0,-176815032777.0,10332246645583,5987918870682,4344327774901,
CJ ENM,2023,0,,4368360656512.0,-14600377588.0,-396774722680.0,9949859715419,5772095217523,4177764497896,
CJ ENM,2024,0,,5231360073502.0,104478244497.0,-580847429608.0,9316636930911,5638566211854,3678070719057,
CJ대한통운,2013,0,,3795045155647.0,64177360059.0,-60061093537.0,4608720686588,2360513240305,2248207446283,
CJ대한통운,2014,0,,4560087295134.0,167079481161.0,59451739573.0,4542856098587,2262195615779,2280660482808,
CJ대한통운,2015,0,,5055766403519.0,186633717812.0,48984004454.0,4500489063722,2128783996099,2371705067623,
CJ대한통운,2016,0,,6081945642204.0,228444490415.0,68210130933.0,5521193038772,2781927820952,2739265217820,
CJ대한통운,2017,0,,7110391207800.0,235651420434.0,38887844435.0,6308948690026,3526210931546,2782737758480,
CJ대한통운,2018,0,,9219680477069.0,242686925620.0,66600069013.0,7868566775246,4737828934873,3130737840373,
CJ대한통운,2019,0,,10415108625820.0,307186346174.0,50889855210.0,9110016110171,5454770837946,3655245272225,
CJ대한통운,2020,0,,10781127150206.0,325337561292.0,142623241320.0,9643498959607,5603556698067,4039942261540,
CJ대한통운,2021,0,,11343651787492.0,343880765667.0,158279696245.0,8993928516384,4977570577451,4016357938933,
CJ대한통운,2022,0,,12130712862374.0,411786887242.0,196821784424.0,9693299818264,5658991479602,4034308338662,
CJ대한통운,2023,0,,11767893663269.0,480234863157.0,242876054885.0,9357587266747,5314491023876,4043096242871,
CJ대한통운,2024,0,,12116761147160.0,530663067133.0,268320297629.0,9743855522383,5518255667581,4225599854802,
CJ제일제당,2013,0,,10847718244000.0,345479026000.0,71061595000.0,13004490092000,8191910984000,4812579108000,
CJ제일제당,2014,0,,11701797228000.0,579930251000.0,137851320000.0,13382531013000,8432650582000,4949880431000,
CJ제일제당,2015,0,,12924472295000.0,751413820000.0,253666762000.0,13751265058000,8366031773000,5385233285000,
CJ제일제당,2016,0,,14563257246000.0,843638184000.0,353548750000.0,15766238539000,9705761673000,6060476866000,
CJ제일제당,2017,0,,16477174023000.0,776575241000.0,412797743000.0,16868123895000,10724270560000,6143853335000,
CJ제일제당,2018,0,,18670059989000.0,832709680000.0,925388625000.0,19497022884000,12188810794000,7308212090000,
CJ제일제당,2019,0,,22352462296000.0,896857873000.0,191028303000.0,26280632351000,16799151931000,9481480420000,
CJ제일제당,2020,0,,24245725654000.0,1359551440000.0,786425538000.0,25611892185000,15445453188000,10166438997000,
CJ제일제당,2021,0,,26289227767000.0,1524429392000.0,892393213000.0,26855804277000,16049003859000,10806800418000,
CJ제일제당,2022,0,,30079513121000.0,1664708210000.0,802674084000.0,30013241845000,18484219204000,11529022641000,
CJ제일제당,2023,0,,29023472909000.0,1291582413000.0,559462096000.0,29606279551000,17826337301000,11779942250000,
CJ제일제당,2024,0,,29359081823000.0,1553017638000.0,361835555000.0,30149997467000,17907211781000,12242785686000,
DB손해보험,2021,1,금융_보험,,,872920123813.0,64751602573672,58019133909451,6732468664221,
DB손해보험,2022,1,금융_보험,,,2039482230002.0,57635178300728,45510911766472,12124266534256,
DB손해보험,2023,1,금융_보험,,,1742379224712.0,60040428590956,49736681327747,10303747263209,
DB손해보험,2024,1,금융_보험,,,1853216681744.0,66506135383633,57114913448969,9391221934664,
GS,2013,0,,9583193000000.0,552130000000.0,435199000000.0,12636266000000,5211722000000,7424544000000,
GS,2014,0,,10866131000000.0,-34328000000.0,-320729000000.0,15072770000000,7854856000000,7217914000000,
GS,2015,0,,12301179000000.0,1581778000000.0,509319000000.0,19023008000000,10925156000000,8097852000000,
GS,2016,0,,13462426000000.0,1754224000000.0,923311000000.0,20341172000000,11420898000000,8920274000000,
GS,2017,0,,16209942000000.0,2071234000000.0,1091904000000.0,22003689000000,12341065000000,9662624000000,
GS,2018,0,,17744385000000.0,2209837000000.0,1030460000000.0,22630978000000,12105993000000,10524985000000,
GS,2019,0,,17786063000000.0,2033142000000.0,668945000000.0,24739276000000,13739728000000,10999548000000,
GS,2020,0,,15444214000000.0,920569000000.0,-187776000000.0,24476843000000,13720298000000,10756545000000,
GS,2021,0,,20240085000000.0,2640272000000.0,1614682000000.0,31191287000000,16988343000000,14202944000000,
GS,2022,0,,28777048000000.0,5005127000000.0,2482704000000.0,33922242000000,17434432000000,16487810000000,
GS,2023,0,,25978494000000.0,3721802000000.0,1578711000000.0,34448425000000,16823230000000,17625195000000,
GS,2024,0,,25297467000000.0,3060163000000.0,863517000000.0,35063398000000,16593042000000,18470356000000,
GS건설,2013,0,,9565758139923.0,-935450518345.0,-827346708179.0,12427312941831,9268033516803,3159279425028,
GS건설,2014,0,,9487551635482.0,51168674965.0,-22452682512.0,13094708930347,9513096912487,3581612017860,
GS건설,2015,0,,10572620348180.0,122067493024.0,29476718638.0,13005492988073,9657468063683,3348024924390,
GS건설,2016,0,,11035596402664.0,142977771949.0,-20431464417.0,13376589310291,10023424374617,3353164935674,
GS건설,2017,0,,11679456006382.0,318669425185.0,-163676081910.0,13696614623700,10456899426805,3239715196895,
GS건설,2018,0,,13139372923261.0,1064489177085.0,587434395163.0,12033275312727,8408589418656,3624685894071,
GS건설,2019,0,,10416589201821.0,767266689077.0,447479242607.0,13171205734337,9028178350231,4143027384106,
GS건설,2020,0,,10122930837450.0,750397845885.0,329675683016.0,13770677888907,9458561906485,4312115982422,
GS건설,2021,0,,9036575422803.0,646485539335.0,428803249577.0,15183727264768,10311003421948,4872723842820,
GS건설,2022,0,,12299196214752.0,554834830515.0,441211560543.0,16946616696898,11590413888307,5356202808591,
GS건설,2023,0,,13436684904471.0,-387945401071.0,-419500544880.0,17707298538013,12822138677201,4885159860812,
GS건설,2024,0,,12863811468386.0,285954335787.0,263924031753.0,17803293924556,12716169965113,5087123959443,
HD한국조선해양,2013,0,,54194400783000.0,803602727000.0,145483064000.0,53082013684000,34089050573000,18992963111000,
HD한국조선해양,2014,0,,52787283421000.0,-3273993328000.0,-2213786979000.0,53113762940000,36535523801000,16578239139000,
HD한국조선해양,2015,0,,46317640151000.0,-1584905920000.0,-1375768355000.0,49469064992000,34042961419000,15426103573000,
HD한국조선해양,2016,0,,39320377292000.0,1549644433000.0,626990744000.0,48949259814000,31162698165000,17786561649000,
HD한국조선해양,2017,0,,15468835510000.0,14645630000.0,2693141932000.0,30408847507000,18036809525000,12372037982000,
HD한국조선해양,2018,0,,13119891213000.0,-522520013000.0,-453610241000.0,24729898792000,11618935420000,13110963372000,
HD한국조선해양,2019,0,,15182553166000.0,290167614000.0,213081106000.0,25055372817000,12129057655000,12926315162000,
HD한국조선해양,2020,0,,14903657734000.0,74367134000.0,-835177677000.0,25244191252000,12822965818000,12421225434000,
HD한국조선해양,2021,0,,15493381773000.0,-1384815777000.0,-1141204413000.0,27293093978000,14879338674000,12413755304000,
HD한국조선해양,2022,0,,17302020185000.0,-355560593000.0,-295177096000.0,29883476300000,17571346490000,12312129810000,
HD한국조선해양,2023,0,,21296205574000.0,282260719000.0,144930284000.0,32242568184000,19872465252000,12370102932000,
HD한국조선해양,2024,0,,25538577356000.0,1434090492000.0,1454580111000.0,36719137422000,22563324218000,14155813204000,
HD현대일렉트릭,2017,0,,1449573280270.0,62419265433.0,14281034940.0,2094576576063,1054462680230,1040113895833,
HD현대일렉트릭,2018,0,,1940412136088.0,-100581457249.0,-178926078845.0,2326055714894,1474757170794,851298544100,
HD현대일렉트릭,2019,0,,1771133588482.0,-156694465555.0,-264300822542.0,2256474848477,1556258916971,700215931506,
HD현대일렉트릭,2020,0,,1811344734384.0,72699092216.0,-40246346429.0,2272620339599,1593446800528,679173539071,
HD현대일렉트릭,2021,0,,1805991746883.0,9736360055.0,-33686739374.0,2214970249748,1568748135135,646222114613,
HD현대일렉트릭,2022,0,,2104499487335.0,133040987326.0,162017992899.0,2435030170738,1603861296111,831168874627,
HD현대일렉트릭,2023,0,,2702799337370.0,315218290721.0,259455508262.0,2910160077690,1853129751520,1057030326170,
HD현대일렉트릭,2024,0,,3322349007529.0,668970713547.0,498409535389.0,3795545096460,2288027971862,1507517124598,
HD현대중공업,2019,0,,5456667592000.0,129480289000.0,-88945128000.0,13869458775000,8246551333000,5622907442000,
HD현대중공업,2020,0,,8312009823000.0,32509061000.0,-431445898000.0,13799657849000,8438873228000,5360784621000,
HD현대중공업,2021,0,,8311275924000.0,-800262777000.0,-814227962000.0,15078671491000,9484646542000,5594024949000,
HD현대중공업,2022,0,,9045480488000.0,-289151153000.0,-352064622000.0,16289398053000,11001578566000,5287819487000,
HD현대중공업,2023,0,,11963925991000.0,178639965000.0,24689214000.0,17133618109000,11926177799000,5207440310000,
HD현대중공업,2024,0,,14486453544000.0,705223483000.0,621509420000.0,19390946750000,13686498249000,5704448501000,
KB금융,2021,1,금융_은행,,,4384381000000.0,663895834000000,615601914000000,48293920000000,
KB금융,2022,1,금융_은행,,,3931401000000.0,688664826000000,634557025000000,54107801000000,
KB금융,2023,1,금융_은행,,,4563431000000.0,715738152000000,656864842000000,58873310000000,
KB금융,2024,1,금융_은행,,,5028606000000.0,757845532000000,698030351000000,59815181000000,
LG디스플레이,2013,0,,27033035000000.0,1163314000000.0,418973000000.0,21715284000000,10917864000000,10797420000000,
LG디스플레이,2014,0,,26455529000000.0,1357255000000.0,917404000000.0,22967023000000,11183613000000,11783410000000,
LG디스플레이,2015,0,,28383884000000.0,1625566000000.0,1023456000000.0,22577160000000,9872204000000,12704956000000,
LG디스플레이,2016,0,,26504074000000.0,1311416000000.0,931508000000.0,24884336000000,11421948000000,13462388000000,
LG디스플레이,2017,0,,27790216000000.0,2461618000000.0,1937052000000.0,29159687000000,14178177000000,14981510000000,
LG디스플레이,2018,0,,24336571000000.0,92891000000.0,-179443000000.0,33175710000000,18289464000000,14886246000000,
LG디스플레이,2019,0,,23475567000000.0,-1359382000000.0,-2872078000000.0,35574563000000,23086282000000,12488281000000,
LG디스플레이,2020,0,,24230124000000.0,-29117000000.0,-70636000000.0,35071523000000,22334584000000,12736939000000,
LG디스플레이,2021,0,,29878043000000.0,2230608000000.0,1333544000000.0,38154515000000,23392014000000,14762501000000,
LG디스플레이,2022,0,,26151781000000.0,-2085047000000.0,-3195585000000.0,35686019000000,24366792000000,11319227000000,
LG디스플레이,2023,0,,21330819000000.0,-2510164000000.0,-2576729000000.0,35759298000000,26988754000000,8770544000000,
LG디스플레이,2024,0,,26615347000000.0,-560596000000.0,-2409300000000.0,32859566000000,24786759000000,8072807000000,
LG이노텍,2013,0,,6211515631208.0,136150073033.0,15541926763.0,4581270748662,3264370902161,1316899846501,
LG이노텍,2014,0,,6466119296270.0,313958825744.0,112676677108.0,4428761036738,2732270962693,1696490074045,
LG이노텍,2015,0,,6138128790832.0,223685061786.0,95091926212.0,3914337673220,2149282679311,1765054993909,
LG이노텍,2016,0,,5754565528569.0,104825998022.0,4952969520.0,4323719057894,2545243040452,1778476017442,
LG이노텍,2017,0,,7641360524432.0,296491317621.0,174778425636.0,5877488986552,3926706308999,1950782677553,
LG이노텍,2018,0,,7982103642672.0,263517409591.0,163100029199.0,5756067240947,3637832042030,2118235198917,
LG이노텍,2019,0,,8302068230724.0,403129277832.0,102300470956.0,5770780509572,3566176252062,2204604257510,
LG이노텍,2020,0,,9541789540547.0,681019009060.0,236127867008.0,6038600271628,3610912434530,2427687837098,
LG이노텍,2021,0,,14945609219058.0,1264223240881.0,888282436433.0,7741352841297,4427146647365,3314206193932,
LG이노텍,2022,0,,19589409483381.0,1271751532028.0,979848640817.0,9793617826430,5527824867091,4265792959339,
LG이노텍,2023,0,,20605290000000.0,830824000000.0,565201000000.0,11204306000000,6489731000000,4714575000000,
LG이노텍,2024,0,,21200755000000.0,706043000000.0,449274000000.0,11378212000000,6024347000000,5353865000000,
LG전자,2013,0,,56772302000000.0,1249011000000.0,222704000000.0,35528064000000,22838695000000,12689369000000,
LG전자,2014,0,,59040767000000.0,1828557000000.0,501357000000.0,37068420000000,24077323000000,12991097000000,
LG전자,2015,0,,56509008000000.0,1192291000000.0,249143000000.0,36313896000000,23330409000000,12983487000000,
LG전자,2016,0,,55367033000000.0,1337763000000.0,126315000000.0,37855269000000,24498527000000,13356742000000,
LG전자,2017,0,,61396284000000.0,2468549000000.0,1869518000000.0,41220959000000,26547275000000,14673684000000,
LG전자,2018,0,,61341664000000.0,2703291000000.0,1472814000000.0,44328443000000,28021536000000,16306907000000,
LG전자,2019,0,,62306175000000.0,2436139000000.0,179948000000.0,44859875000000,28434737000000,16425138000000,
LG전자,2020,0,,63262046000000.0,3194987000000.0,2063790000000.0,48204227000000,30662102000000,17542125000000,
LG전자,2021,0,,74721629000000.0,3863774000000.0,1414972000000.0,53481478000000,33383445000000,20098033000000,
LG전자,2022,0,,83467318000000.0,3550972000000.0,1863123000000.0,55156141000000,32664144000000,22491997000000,
LG전자,2023,0,,84227765000000.0,3549074000000.0,1150611000000.0,60240793000000,36742257000000,23498536000000,
LG전자,2024,0,,87728182000000.0,3419675000000.0,591365000000.0,65629589000000,40417925000000,25211664000000,
LG화학,2013,0,,23143612000000.0,1743044000000.0,1270613000000.0,17446464000000,5720802000000,11725662000000,
LG화학,2014,0,,22577830000000.0,1310761000000.0,854025000000.0,18127646000000,5861794000000,12265852000000,
LG화학,2015,0,,20206583000000.0,1823568000000.0,1148531000000.0,18578728000000,5475206000000,13103522000000,
LG화학,2016,0,,20659296000000.0,1991920000000.0,1280994000000.0,20487060000000,6436093000000,14050967000000,
LG화학,2017,0,,25698014000000.0,2928457000000.0,2021973000000.0,25041221000000,8702644000000,16338577000000,
LG화학,2018,0,,28183013000000.0,2246070000000.0,1519312000000.0,28944137000000,11622009000000,17322128000000,
LG화학,2019,0,,28625042000000.0,895648000000.0,376104000000.0,34024426000000,16640637000000,17383789000000,
LG화학,2020,0,,30076510000000.0,1798159000000.0,682408000000.0,41388894000000,22598454000000,18790440000000,
LG화학,2021,0,,42654722000000.0,5025466000000.0,3953904000000.0,51135302000000,27925314000000,23209988000000,
LG화학,2022,0,,51864888000000.0,2995698000000.0,2195518000000.0,67973823000000,30492696000000,37481127000000,
LG화학,2023,0,,55249785000000.0,2529196000000.0,2053425000000.0,77466694000000,36528509000000,40938185000000,
LG화학,2024,0,,48916104000000.0,916798000000.0,515011000000.0,93857762000000,45862299000000,47995463000000,
LS,2013,0,,11393581000000.0,465347000000.0,165153000000.0,10006806000000,6999669000000,3007137000000,
LS,2014,0,,10883348000000.0,377233000000.0,86705000000.0,10335736000000,7302628000000,3033108000000,
LS,2015,0,,9999749000000.0,271955000000.0,-73454000000.0,9881465000000,6927878000000,2953587000000,
LS,2016,0,,9621313000000.0,459214000000.0,215138000000.0,9713037000000,6457803000000,3255234000000,
LS,2017,0,,9515114000000.0,532167000000.0,364831000000.0,9978904000000,6346794000000,3632110000000,
LS,2018,0,,10110159000000.0,509088000000.0,487659000000.0,10490289000000,6130728000000,4359561000000,
LS,2019,0,,10176243000000.0,351981000000.0,92824000000.0,10763512000000,6492184000000,4271328000000,
LS,2020,0,,10444316000000.0,419168000000.0,194725000000.0,11660540000000,7212043000000,4448497000000,
LS,2021,0,,13089102000000.0,583656000000.0,352129000000.0,12625931000000,7915665000000,4710266000000,
LS,2022,0,,17491338000000.0,670941000000.0,505486000000.0,16813978000000,11259315000000,5554663000000,
LS,2023,0,,24480743000000.0,899674000000.0,570596000000.0,18245954000000,11495353000000,6750601000000,
LS,2024,0,,27544663000000.0,1072943000000.0,391515000000.0,20527939000000,13646786000000,6881153000000,
NAVER,2013,0,,2259138612000.0,506538818000.0,1895289315000.0,2697746840000,1222437824000,1475309016000,
NAVER,2014,0,,2758478837000.0,758199066000.0,451763104000.0,3394457894000,1597039679000,1797418215000,
NAVER,2015,0,,3251157100000.0,762203849000.0,516986279000.0,4385913018000,2116334499000,2269578519000,
NAVER,2016,0,,4022629619982.0,1102040475792.0,759072951187.0,6370635180592,2241036317652,4129598862940,
NAVER,2017,0,,4678468928032.0,1179187806331.0,770101670207.0,8019251559914,2714065324965,5305186234949,
NAVER,2018,0,,5586904533355.0,942532561543.0,627901873332.0,9881190909324,3932050396031,5949140513293,
NAVER,2019,0,,6593400065244.0,710070173513.0,396821062465.0,12299527120786,5795601052206,6503926068580,
NAVER,2020,0,,5304145900386.0,1215342457273.0,844996977149.0,17014238663770,8759106628557,8255132035213,
NAVER,2021,0,,6817599707250.0,1325478171117.0,16477625559645.0,33691006757040,9663630407765,24027376349275,
NAVER,2022,0,,8220078708810.0,1304664410543.0,673180300087.0,33899042889136,10448720408685,23450322480451,
NAVER,2023,0,,9670643576585.0,1488820269608.0,985017762493.0,35737826964395,11499828148842,24237998815553,
NAVER,2024,0,,10737719264647.0,1979263438827.0,1931976372953.0,38167876036020,11166964187683,27000911848337,
NC,2013,0,,756655650601.0,205235211161.0,158695768295.0,1479521681932,320758501362,1158763180570,
NC,2014,0,,838718199693.0,278188111023.0,227519296162.0,1698826127743,323231513838,1375594613905,
NC,2015,0,,838297603134.0,237466377634.0,166350442469.0,2219197320342,430262047043,1788935273299,
NC,2016,0,,983556873665.0,328762462165.0,271381872090.0,2360802861680,465295073708,1895507787972,
NC,2017,0,,1758721721721.0,585018961722.0,444043111896.0,3526567160619,797327860834,2729239299785,
NC,2018,0,,1715115508236.0,614929312373.0,421467650710.0,2941278714044,562307308920,2378971405124,
NC,2019,0,,1701185422583.0,478992418793.0,359154722508.0,3346377400385,834211969584,2512165430801,
NC,2020,0,,2416184211886.0,824793705694.0,586612599330.0,4081208896622,936521663466,3144687233156,
NC,2021,0,,2308817408865.0,375213171049.0,395734616139.0,4581889369472,1430662643098,3151226726374,
NC,2022,0,,2571792281800.0,559006120606.0,435990309263.0,4437632450781,1239083608249,3198548842532,
NC,2023,0,,1779832977766.0,137283512800.0,213914315973.0,4393800423903,1140771883353,3253028540550,
NC,2024,0,,1578123132867.0,-109215374026.0,94115833907.0,3953941191414,890352556840,3063588634574,
NH투자증권,2021,1,금융_증권,,,931464000000.0,58541999000000,51718694000000,6823305000000,
NH투자증권,2022,1,금융_증권,,,302929000000.0,53428267000000,46200211000000,7228056000000,
NH투자증권,2023,1,금융_증권,,,553048000000.0,56697893000000,49084465000000,7613428000000,
NH투자증권,2024,1,금융_증권,,,686638000000.0,62427065000000,54307696000000,8119369000000,
POSCO홀딩스,2013,0,,61864649858923.0,2996133863972.0,1355180337664.0,84455406685158,38633376654827,45822030030331,
POSCO홀딩스,2014,0,,65098445304159.0,3213530266213.0,556659145957.0,85252172612786,39960808435151,45291364177635,
POSCO홀딩스,2015,0,,58192344560634.0,2410042581756.0,-96181234235.0,80408759246293,35338537276364,45070221969929,
POSCO홀딩스,2016,0,,53083512926398.0,2844324579269.0,1048168659851.0,79762994519614,33924600214018,45838394305596,
POSCO홀딩스,2017,0,,60655099616772.0,4621833653378.0,2973469160759.0,79024959079531,31560950538891,47464008540640,
POSCO홀딩스,2018,0,,64977777434194.0,5542599677254.0,1892064406279.0,78248265216732,31488714346325,46759550870407,
POSCO홀딩스,2019,0,,64366847807959.0,3868854558550.0,1982637208513.0,79058661130791,31263954310516,47794706820275,
POSCO홀딩스,2020,0,,57792795732820.0,2403035192908.0,1788152419240.0,79086973226376,31412381141295,47674592085081,
POSCO홀딩스,2021,0,,76332345050013.0,9238089232877.0,7195889963608.0,91471614111915,36666670760250,54804943351665,
POSCO홀딩스,2022,0,,84750203702240.0,4850053015766.0,3560483538695.0,98406780635254,40149380046004,58257400589250,
POSCO홀딩스,2023,0,,77127197108585.0,3531422506439.0,1845849532200.0,100945394185079,41281496791611,59663897393468,
POSCO홀딩스,2024,0,,72688143160111.0,2173573272904.0,947580322052.0,103404198997805,41953831078121,61450367919684,
S-Oil,2013,0,,31158528000000.0,366044000000.0,289639000000.0,11920735000000,6566728000000,5354007000000,
S-Oil,2014,0,,28557562000000.0,-289704000000.0,-287828000000.0,10255738000000,5346721000000,4909017000000,
S-Oil,2015,0,,17890272000000.0,817604000000.0,631322000000.0,10795526000000,5405609000000,5389917000000,
S-Oil,2016,0,,16321843000000.0,1616889000000.0,1205364000000.0,13959027000000,7567442000000,6391585000000,
S-Oil,2017,0,,20891374000000.0,1373265000000.0,1246489000000.0,15087451000000,8244831000000,6842620000000,
S-Oil,2018,0,,25463295000000.0,639460000000.0,258035000000.0,15955044000000,9485810000000,6469234000000,
S-Oil,2019,0,,24394173000000.0,420077000000.0,65429000000.0,16333401000000,9836775000000,6496626000000,
S-Oil,2020,0,,16829681000000.0,-1099146000000.0,-796108000000.0,15690510000000,10008033000000,5682477000000,
S-Oil,2021,0,,27463918000000.0,2140942000000.0,1378541000000.0,18693235000000,11705193000000,6988042000000,
S-Oil,2022,0,,42446028000000.0,3405166000000.0,2104387000000.0,19613135000000,11129666000000,8483469000000,
S-Oil,2023,0,,35726694000000.0,1354582000000.0,948848000000.0,21576123000000,12538558000000,9037565000000,
S-Oil,2024,0,,36637031000000.0,422177000000.0,-193042000000.0,24451433000000,15755786000000,8695647000000,
SK,2013,0,,2301755000000.0,225193000000.0,124651000000.0,5292930000000,2792126000000,2500804000000,
SK,2014,0,,2425966000000.0,271542000000.0,240347000000.0,5307039000000,2704671000000,2602368000000,
SK,2015,0,,39569775000000.0,1403264000000.0,5821064000000.0,96633809000000,56556559000000,40077250000000,
SK,2016,0,,83617494000000.0,5298179000000.0,2822484000000.0,103047337000000,60720613000000,42326724000000,
SK,2017,0,,93296368000000.0,5861039000000.0,5066482000000.0,109776920000000,64020500000000,45756420000000,
SK,2018,0,,101502020000000.0,4688117000000.0,6151141000000.0,119456991000000,68569119000000,50887872000000,
SK,2019,0,,99264574000000.0,3949864000000.0,1607249000000.0,132020676000000,79838041000000,52182635000000,
SK,2020,0,,81820139000000.0,-164471000000.0,-108432000000.0,137638377000000,85778459000000,51859918000000,
SK,2021,0,,98325016000000.0,4935539000000.0,5718424000000.0,165380861000000,99815712000000,65565149000000,
SK,2022,0,,134551641000000.0,8004710000000.0,3966176000000.0,194505860000000,122697070000000,71808790000000,
SK,2023,0,,131237878000000.0,5056378000000.0,-406387000000.0,206970264000000,129091214000000,77879050000000,
SK,2024,0,,124690439000000.0,2355290000000.0,528810000000.0,214977754000000,134690218000000,80287536000000,
SKC,2013,0,,2641403172466.0,124002679870.0,25737659251.0,3585799683355,2380345557371,1205454125984,
SKC,2014,0,,2802235022211.0,152377951333.0,43307997481.0,3686751079353,2385746015913,1301005063440,
SKC,2015,0,,2564762025032.0,218057965013.0,245594083582.0,3688196893761,2131892823967,1556304069794,
SKC,2016,0,,2359440143632.0,149300909746.0,29262916133.0,3528839514026,2004918407816,1523921106210,
SKC,2017,0,,2653544415383.0,175694737669.0,136346624797.0,3667311813522,2073736487058,1593575326464,
SKC,2018,0,,2767834347283.0,201129151751.0,141041714507.0,3833128681093,2138328269076,1694800412017,
SKC,2019,0,,2539766499160.0,155080809640.0,67392287037.0,3972988752154,2246614915284,1726373836870,
SKC,2020,0,,2702184519734.0,190788258583.0,73620866788.0,5406405840533,3491292259465,1915113581068,
SKC,2021,0,,3396056746194.0,464743373689.0,342340322117.0,6180132503610,3897771811708,2282360691902,
SKC,2022,0,,3138910077125.0,220255942998.0,-24636826941.0,6393092564908,4151241803700,2241850761208,
SKC,2023,0,,1570751580937.0,-216300854733.0,-326360017026.0,7032322131682,4507897882742,2524424248940,
SKC,2024,0,,1721564345604.0,-276832854584.0,-455055541599.0,6748678536179,4455945828201,2292732707978,
SK이노베이션,2013,0,,66039204048000.0,1458645712000.0,778733149000.0,35288869208000,18373615454000,16915253754000,
SK이노베이션,2014,0,,65860712618000.0,-182803245000.0,-537165529000.0,35101313814000,19040256567000,16061057247000,
SK이노베이션,2015,0,,48356320414000.0,1979564947000.0,867676735000.0,31359835736000,14313499515000,17046336221000,
SK이노베이션,2016,0,,39520538747000.0,3228337172000.0,1721434289000.0,32581330983000,14276285724000,18305045259000,
SK이노베이션,2017,0,,46260932050000.0,3234369756000.0,2145101728000.0,34243603274000,14934270375000,19309332899000,
SK이노베이션,2018,0,,54510898386000.0,2117589790000.0,1699046923000.0,36085384070000,16757401405000,19327982665000,
SK이노베이션,2019,0,,49876534172000.0,1269292250000.0,65774590000.0,39526056607000,21316432845000,18209623762000,
SK이노베이션,2020,0,,34164529332000.0,-2568795615000.0,1592008115000.0,38498146106000,23039681023000,15458465083000,
SK이노베이션,2021,0,,46842929105000.0,1754170704000.0,1317007178000.0,49557440204000,29924245706000,19633194498000,
SK이노베이션,2022,0,,78056939448000.0,3917340789000.0,1895179127000.0,67218924277000,43976612895000,23242311382000,
SK이노베이션,2023,0,,77288485864000.0,1903886320000.0,554894277000.0,80835513251000,50815545738000,30019967513000,
SK이노베이션,2024,0,,74716970174000.0,315488338000.0,-2372482956000.0,110530097549000,70881188555000,39648908994000,
SK텔레콤,2013,0,,16602054000000.0,0.0,,26576515000000,12409958000000,14166557000000,
SK텔레콤,2014,0,,17163798000000.0,1825105000000.0,1799320000000.0,27941233000000,12692963000000,15248270000000,
SK텔레콤,2015,0,,17136734000000.0,1708006000000.0,1515885000000.0,28581387000000,13207291000000,15374096000000,
SK텔레콤,2016,0,,17091816000000.0,1535744000000.0,1660101000000.0,31297663000000,15181233000000,16116430000000,
SK텔레콤,2017,0,,17520013000000.0,1536626000000.0,2657595000000.0,33428669000000,15399474000000,18029195000000,
SK텔레콤,2018,0,,16873960000000.0,1201760000000.0,3131988000000.0,42369111000000,20019861000000,22349250000000,
SK텔레콤,2019,0,,17743702000000.0,1109980000000.0,861942000000.0,44611620000000,21788084000000,22823536000000,
SK텔레콤,2020,0,,18624651000000.0,1349324000000.0,1500538000000.0,47906957000000,23510714000000,24396243000000,
SK텔레콤,2021,0,,16748585000000.0,1387162000000.0,2418989000000.0,30911277000000,18576139000000,12335138000000,
SK텔레콤,2022,0,,17304973000000.0,1612070000000.0,947831000000.0,31308262000000,19153066000000,12155196000000,
SK텔레콤,2023,0,,17608511000000.0,1753204000000.0,1145937000000.0,30119227000000,17890828000000,12228399000000,
SK텔레콤,2024,0,,17940609000000.0,1823409000000.0,1387095000000.0,30515255000000,18687621000000,11827634000000,
SK하이닉스,2013,0,,14165102000000.0,3379785000000.0,2872857000000.0,20797298000000,7730439000000,13066859000000,
SK하이닉스,2014,0,,17125566000000.0,5109466000000.0,4195169000000.0,26883278000000,8846975000000,18036303000000,
SK하이닉스,2015,0,,18797998000000.0,5336100000000.0,4323595000000.0,29677906000000,8290203000000,21387703000000,
SK하이닉스,2016,0,,17197975000000.0,3276746000000.0,2960483000000.0,32216026000000,8192496000000,24023530000000,
SK하이닉스,2017,0,,30109434000000.0,13721326000000.0,10642219000000.0,45418464000000,11597545000000,33820919000000,
SK하이닉스,2018,0,,40445066000000.0,20843750000000.0,15539984000000.0,63658335000000,16806004000000,46852331000000,
SK하이닉스,2019,0,,26990733000000.0,2712718000000.0,2016391000000.0,64789494000000,16846299000000,47943195000000,
SK하이닉스,2020,0,,31900418000000.0,5012624000000.0,4758914000000.0,71173853000000,19264756000000,51909097000000,
SK하이닉스,2021,0,,42997792000000.0,12410340000000.0,9616188000000.0,96386474000000,34195416000000,62191058000000,
SK하이닉스,2022,0,,44621568000000.0,6809417000000.0,2241669000000.0,103871512000000,40580970000000,63290542000000,
SK하이닉스,2023,0,,32765719000000.0,-7730313000000.0,-9137547000000.0,100330165000000,46826413000000,53503752000000,
SK하이닉스,2024,0,,66192960000000.0,23467319000000.0,19796902000000.0,119855209000000,45939505000000,73915704000000,
고려아연,2013,0,,4817733928577.0,598609229858.0,452757831974.0,5120964732590,789005713465,4331959019125,
고려아연,2014,0,,4938531767644.0,682672613196.0,504874327655.0,5642418565089,859304761386,4783113803703,
고려아연,2015,0,,4771442958357.0,672218933053.0,513990324342.0,5907933006646,688564178322,5219368828324,
고려아연,2016,0,,5847513111727.0,764684587877.0,594584342454.0,6482637891567,819933197199,5662704694368,
고려아연,2017,0,,6596671356857.0,894752364239.0,634031142698.0,7038142272799,932491517423,6105650755376,
고려아연,2018,0,,6883323139792.0,764718763710.0,534814939005.0,7225894143698,851366368823,6374527774875,
고려아연,2019,0,,6694810889702.0,805328836892.0,638613351819.0,7840561221499,1002169326090,6838391895409,
고려아연,2020,0,,7581926858435.0,897387769203.0,574828670832.0,8499645577650,1412616891338,7087028686312,
고려아연,2021,0,,9976776443636.0,1096146343693.0,811106029144.0,9964048634649,2229814171825,7734234462824,
고려아연,2022,0,,11219358600107.0,919171130822.0,798264387415.0,12097918358974,2866186242426,9231732116548,
고려아연,2023,0,,9704521343024.0,659935424598.0,533378688122.0,12046071311650,2404068442780,9642002868870,
고려아연,2024,0,,12052918410249.0,723472208523.0,194781564506.0,14792322181548,7196894404555,7595427776993,
기아,2013,0,,47597897000000.0,3177100000000.0,3817059000000.0,36182040000000,15927245000000,20254795000000,
기아,2014,0,,47097049000000.0,2572549000000.0,2993593000000.0,41044202000000,18560337000000,22483865000000,
기아,2015,0,,49521447000000.0,2354273000000.0,2630600000000.0,45980113000000,21776082000000,24204031000000,
기아,2016,0,,52712906000000.0,2461480000000.0,2754640000000.0,50889260000000,24309836000000,26579424000000,
기아,2017,0,,53535680000000.0,662226000000.0,968018000000.0,52294438000000,25433261000000,26861177000000,
기아,2018,0,,54169813000000.0,1157475000000.0,1155943000000.0,51786605000000,24543141000000,27243464000000,
기아,2019,0,,58145959000000.0,2009680000000.0,1826659000000.0,55344798000000,26366660000000,28978138000000,
기아,2020,0,,59168096000000.0,2066457000000.0,1487585000000.0,60490443000000,30598771000000,29891672000000,
기아,2021,0,,69862366000000.0,5065685000000.0,4760311000000.0,66849997000000,31937441000000,34912556000000,
기아,2022,0,,86559029000000.0,7233120000000.0,5408976000000.0,73710965000000,34367884000000,39343081000000,
기아,2023,0,,99808420000000.0,11607873000000.0,8777817000000.0,80627826000000,34069591000000,46558235000000,
기아,2024,0,,107448752000000.0,12667139000000.0,9775005000000.0,92755874000000,36915565000000,55840309000000,
넷마블,2015,0,,1072920875965.0,225349703930.0,168637598521.0,1458374902756,277672378788,1180702523968,
넷마블,2016,0,,1500015761165.0,294668353287.0,209247419950.0,1957423028453,647068962395,1310354066058,
넷마블,2017,0,,2424755040569.0,509756227599.0,360883596458.0,5347705409970,882436412276,4465268997694,
넷마블,2018,0,,2021272799024.0,241651480142.0,214932108137.0,5433046593422,881510902397,4551535691025,
넷마블,2019,0,,2178677560442.0,202652419951.0,169769227460.0,5806087951025,1157746996133,4648340954892,
넷마블,2020,0,,2484764985888.0,272046487017.0,338047021964.0,8223428815673,2572832681500,5650596134173,
넷마블,2021,0,,2506906374110.0,151024628649.0,249178251759.0,10663783073696,4656124187351,6007658886345,
넷마블,2022,0,,2673408275832.0,-108688598689.0,-886357560393.0,8935573715860,3313765261202,5621808454658,
넷마블,2023,0,,2502055599771.0,-68468184309.0,-303885236393.0,7915865389294,2836820600756,5079044788538,
넷마블,2024,0,,2663783169910.0,215627215188.0,3216188118.0,8177066253496,2703206043701,5473860209795,
대웅,2013,0,,843315008429.0,97202103636.0,74723608886.0,898471403133,211402934837,687068468296,
대웅,2014,0,,893952806704.0,78669952651.0,37877138316.0,1010731915586,302000173231,708731742355,
대웅,2015,0,,996816139653.0,79718753505.0,54590416385.0,1242301736207,413822364447,828479371760,
대웅,2016,0,,1014965932470.0,60994092023.0,34573861962.0,1467286017881,602653922947,864632094934,
대웅,2022,0,,1697338482580.0,207334242877.0,120268044179.0,2158905107252,879409305644,1279495801608,
대웅,2023,0,,1813841462124.0,195606282852.0,191438974294.0,2359277174097,922478396685,1436798777412,
대웅,2024,0,,1936916852599.0,281913080239.0,68860695957.0,2720693911174,1218198152023,1502495759151,
대한항공,2013,0,,11848707841058.0,-19562089055.0,-383555365584.0,22920438008110,20180224924215,2740213083895,
대한항공,2014,0,,11909748647633.0,395335341945.0,-612921454979.0,23465724376256,21264565746316,2201158629940,
대한항공,2015,0,,11544831301113.0,883088280640.0,-562967287220.0,24180351112715,21681315971433,2499035141282,
대한항공,2016,0,,11731852588629.0,1120809170524.0,-556844430587.0,23956534893851,22082184811883,1874350081968,
대한항공,2017,0,,12092211497503.0,939782249585.0,801897024815.0,24648674122368,20897570964702,3751103157666,
대한항공,2018,0,,13011645223989.0,623919297283.0,-198649078153.0,25574772722452,22679902097615,2894870624837,
대한항공,2019,0,,12683407264566.0,257473678564.0,-622761502186.0,27014118935120,24233326242485,2780792692635,
대한항공,2020,0,,7606224078611.0,108918118710.0,-230018634965.0,25190061074278,21878336959960,3311724114318,
대한항공,2021,0,,9016824640301.0,1417968632826.0,578782033232.0,26671903184202,19806214028703,6865689155499,
대한항공,2022,0,,14096094819146.0,2830586753727.0,1729502852463.0,28997701022484,19705240815659,9292460206825,
대한항공,2023,0,,16111796106147.0,1790089190805.0,1129105735756.0,30391776029656,20576567788023,9815208241633,
대한항공,2024,0,,17870718495804.0,2110200077994.0,1381858075058.0,47012065940089,36048874072912,10963191867177,
두산에너빌리티,2013,0,,19056862946219.0,965544449286.0,18662825931.0,27725480114751,19813685913186,7911794201565,
두산에너빌리티,2014,0,,17971644255839.0,878106773182.0,-85475347180.0,27551906512303,19874904792371,7677001719932,
두산에너빌리티,2015,0,,16204318150763.0,62066145690.0,-1750899329509.0,27260140610258,20234032938126,7026107672132,
두산에너빌리티,2016,0,,13892680512183.0,791172822203.0,-215524785947.0,24832568190355,18009737274319,6822830916036,
두산에너빌리티,2017,0,,14518845928726.0,830232035725.0,-197950236801.0,24929774707934,18452088873921,6477685834013,
두산에너빌리티,2018,0,,14743600024720.0,1000595715833.0,-430071231297.0,24810203016469,18688381801780,6121821214689,
두산에너빌리티,2019,0,,15570428849347.0,918350222787.0,-223649869387.0,24774211975046,18788110053955,5986101921091,
두산에너빌리티,2020,0,,15243824665369.0,409236133151.0,-622554709114.0,25567174291104,18460677610119,7106496680985,
두산에너빌리티,2021,0,,11283610608993.0,877882794101.0,645821146630.0,23720545628641,14912949983920,8807595644721,
두산에너빌리티,2022,0,,15421058082388.0,1106120868237.0,-453149865549.0,23049781799921,12969491516052,10080290283869,
두산에너빌리티,2023,0,,17589887709510.0,1467318338124.0,517521903042.0,24640833945624,13799325009099,10841508936525,
두산에너빌리티,2024,0,,16233055000000.0,1017600000000.0,394689000000.0,26314835000000,14653743000000,11661092000000,
롯데쇼핑,2013,0,,28211702493749.0,1485260918089.0,880634147019.0,38972565738401,22047323324250,16925242414151,
롯데쇼핑,2014,0,,28099567271555.0,1188378783689.0,615724154364.0,40072325738283,22528449105050,17543876633233,
롯데쇼핑,2015,0,,29127654925283.0,853713007920.0,-345501284632.0,40693366454506,23605524179664,17087842274842,
롯데쇼핑,2016,0,,29526412572111.0,940360642219.0,246874755082.0,41915906500152,24651864607475,17264041892677,
롯데쇼핑,2017,0,,18179871101045.0,529859135791.0,-20636693242.0,27948488049082,14597135456810,13351352592272,
롯데쇼핑,2018,0,,17820781434515.0,597003598572.0,-464996590795.0,26259308858206,13831935992803,12427372865403,
롯데쇼핑,2019,0,,17622000488403.0,427910873611.0,-816477652183.0,33972615751676,22181607402723,11791008348953,
롯데쇼핑,2020,0,,16184381959951.0,346084471821.0,-686569608178.0,32829404196405,21740641629099,11088762567306,
롯데쇼핑,2021,0,,15573550042665.0,207602693266.0,-272964154001.0,33426533819002,21629527142066,11797006676936,
롯데쇼핑,2022,0,,15476035656554.0,386225594610.0,-318692441033.0,31703575873070,20668459087068,11035116786002,
롯데쇼핑,2023,0,,14555863880290.0,508404731640.0,169180436381.0,30644698696537,19808248977726,10836449718811,
롯데쇼핑,2024,0,,13986578270060.0,473113964780.0,-994075271502.0,39003044584713,21969427278570,17033617306143,
롯데케미칼,2013,0,,16438935362784.0,487422718955.0,285824983019.0,10687663571000,4393204847831,6294458723169,
롯데케미칼,2014,0,,14858969270208.0,350928517652.0,143653052352.0,10322655619289,3853656850026,6468998769263,
롯데케미칼,2015,0,,11713338201119.0,1611119465482.0,990655495309.0,11467808898774,3912222823918,7555586074856,
롯데케미칼,2016,0,,13223540873785.0,2544253936085.0,1837184919078.0,15866834169901,6466016999469,9400817170432,
롯데케미칼,2017,0,,15874510689910.0,2929720957827.0,2284576938361.0,19550971100650,7296204039219,12254767061431,
롯데케미칼,2018,0,,16545013876662.0,1967399409446.0,1641934137836.0,20799138833104,7254811592591,13544327240513,
롯데케미칼,2019,0,,15123477947655.0,1107258909223.0,756665993886.0,20043105157128,5989974765604,14053130391524,
롯데케미칼,2020,0,,12223031551258.0,356911281146.0,175348148336.0,19386545994630,5674190700686,13712355293944,
롯데케미칼,2021,0,,18120462422756.0,1535640888894.0,1425601668371.0,22869964008005,7418767512580,15451196495425,
롯데케미칼,2022,0,,22276082763692.0,-762606983916.0,27820456953.0,26784587810580,9520345523797,17264242286783,
롯데케미칼,2023,0,,19946396629902.0,-347702499473.0,-39243085252.0,33476310224541,13243769644688,20232540579853,
롯데케미칼,2024,0,,20430375565357.0,-894081004428.0,-1825555752135.0,34552330375053,14564385612175,19987944762878,
메리츠금융지주,2021,1,금융_은행,,,1383247331375.0,82030936760089,75147647740949,6883289019140,
메리츠금융지주,2022,1,금융_은행,,,2133340042799.0,88977399369676,80435428574826,8541970794850,
메리츠금융지주,2023,1,금융_은행,,,2125376583433.0,102235842680189,92138657614258,10097185065931,
메리츠금융지주,2024,1,금융_은행,,,2333433638351.0,115578247112858,104648211084850,10930036028008,
미래에셋증권,2021,1,금융_증권,,,1183438432208.0,108641793313959,98031833902423,10609959411536,
미래에셋증권,2022,1,금융_증권,,,706131422248.0,106952189880235,95852875159122,11099314721113,
미래에셋증권,2023,1,금융_증권,,,337857808122.0,128177312090956,116938445976567,11238866114389,
미래에셋증권,2024,1,금융_증권,,,925470295452.0,137176998056307,124913289504539,12263708551768,
빙그레,2013,0,,805045448905.0,50629016410.0,37919419071.0,564293684908,96688487857,467605197051,
빙그레,2014,0,,820021629220.0,41699604809.0,37567660371.0,578852361832,94840417664,484011944168,
빙그레,2015,0,,799571650621.0,31692712996.0,24742588426.0,616988522405,99825437838,517163084567,
빙그레,2016,0,,813166106663.0,37235846082.0,28730760395.0,623750932009,101995297760,521755634249,
빙그레,2017,0,,857454493207.0,34708336169.0,29615034874.0,635622606558,106776945833,528845660725,
빙그레,2018,0,,855162971617.0,39329614676.0,34201160684.0,653929092795,108852814244,545076278551,
빙그레,2019,0,,878334259510.0,45782148344.0,41057895775.0,684922782174,113783206589,571139575585,
빙그레,2020,0,,959129489604.0,39847416288.0,34876252444.0,764138445081,174607300847,589531144234,
빙그레,2021,0,,1147435118625.0,26243919355.0,-19327115194.0,760245280571,202369499606,557875780965,
빙그레,2022,0,,1267685822673.0,39407655268.0,25685517208.0,769266587599,193497612928,575768974671,
빙그레,2023,0,,1394316382403.0,112245218200.0,86218494465.0,890717259861,249119716386,641597543475,
빙그레,2024,0,,1463041258105.0,131275792188.0,103226927609.0,1003074746009,281231244140,721843501869,
삼성SDI,2013,0,,5016464902443.0,-27394358599.0,147915701017.0,10555670889393,3013254458639,7542416430754,
삼성SDI,2014,0,,5474221640643.0,70817508605.0,-80314437457.0,15968549945813,4141638653812,11826911292001,
삼성SDI,2015,0,,7569330839945.0,-59832025818.0,25685765743.0,16225303457752,4972110604907,11253192852845,
삼성SDI,2016,0,,5200822510213.0,-926332633992.0,211111190212.0,14900311234207,3936201007249,10964110226958,
삼성SDI,2017,0,,6321560921969.0,116894786518.0,643193862964.0,15751476329733,4299476832291,11451999497442,
삼성SDI,2018,0,,9158272454945.0,714970606151.0,745049185447.0,19349721183929,7124501967739,12225219216190,
삼성SDI,2019,0,,10097426164132.0,462176462269.0,402366429569.0,19852096448004,7191751252868,12660345195136,
삼성SDI,2020,0,,11294770446035.0,671335358424.0,630966297526.0,21534232266829,8175305378713,13358926888116,
삼성SDI,2021,0,,13553220248796.0,1067575600497.0,1250401560241.0,25833192996936,10636493682081,15196699314855,
삼성SDI,2022,0,,20124069515854.0,1808013013202.0,2039361447986.0,30257525171127,13040023014999,17217502156128,
삼성SDI,2023,0,,22708300498633.0,1633368964768.0,2066046562201.0,34038860192967,14131610215445,19907249977522,
삼성SDI,2024,0,,16592248884388.0,363304463263.0,575512415979.0,40597344536357,19030107423830,21567237112527,
삼성물산,2013,0,,3226058705106.0,111092836540.0,45192147862.0,8553888931825,4604755901515,3949133030310,
삼성물산,2014,0,,5129564426033.0,213411367915.0,455072359783.0,9511431411456,4226141563083,5285289848373,
삼성물산,2015,0,,13344675370414.0,37138349416.0,2685651116146.0,42361430965137,24047495346801,18313935618336,
삼성물산,2016,0,,28102683822618.0,139524591271.0,20841926913.0,44458515389663,23352804702692,21105710686971,
삼성물산,2017,0,,29279045517862.0,881268354846.0,481104477540.0,49048902937410,23897652811024,25151250126386,
삼성물산,2018,0,,31155636886660.0,1103890168247.0,1748243543408.0,42406651757716,19857716709970,22548935047746,
삼성물산,2019,0,,30761501059039.0,866770072122.0,1047890680687.0,45905516600415,19213420293061,26692096307354,
삼성물산,2020,0,,30216118916989.0,857079813534.0,1160650819953.0,54331740265746,21386258023034,32945482242712,
삼성물산,2021,0,,34455181882704.0,1195982736408.0,1829084039967.0,55245423114466,22093183631512,33152239482954,
삼성물산,2022,0,,43161653399535.0,2528524413589.0,2544956968509.0,58981492466950,27017371086433,31964121380517,
삼성물산,2023,0,,41895681215734.0,2870173816853.0,2719106116709.0,66127029212679,26229919730957,39897109481722,
삼성물산,2024,0,,42103238027336.0,2983396694918.0,2772012091811.0,61990426835548,24731886937019,37258539898529,
삼성바이오로직스,2015,0,,91278028788.0,-203642443703.0,1904945916599.0,5960493716448,3185659557942,2774834158506,
삼성바이오로직스,2016,0,,294622020774.0,-30422638580.0,-176823409527.0,7533016106344,3450636646771,4082379459573,
삼성바이오로직스,2017,0,,464629334143.0,65979402411.0,-96972115811.0,7183091162578,3206640270217,3976450892361,
삼성바이오로직스,2018,0,,535805801067.0,55678744526.0,224109194872.0,5980408648293,1824940197145,4155468451148,
삼성바이오로직스,2019,0,,701591859755.0,91742387198.0,202904099088.0,5911626511920,1557172766554,4354453745366,
삼성바이오로직스,2020,0,,1164776873641.0,292786554082.0,240974799963.0,6424201164962,1825417992598,4598783172364,
삼성바이오로직스,2021,0,,1568006928039.0,537309408072.0,393589467655.0,7970010786863,2978908646183,4991102140680,
삼성바이오로직스,2022,0,,3001295197683.0,983627394377.0,798056210082.0,16582050258486,7597575863329,8984474395157,
삼성바이오로직스,2023,0,,3694588767068.0,1113680009715.0,857691298384.0,16046197209196,6215704796851,9830492412345,
삼성바이오로직스,2024,0,,4547322176421.0,1320052380133.0,1083315885986.0,17336296349511,6431620287493,10904676062018,
삼성생명,2021,1,금융_보험,,,1597702000000.0,341382574000000,301757207000000,39625367000000,
삼성생명,2022,1,금융_보험,,,2307597000000.0,296234163000000,254672143000000,41562020000000,
삼성생명,2023,1,금융_보험,,,2033709000000.0,314655050000000,270317609000000,44337441000000,
삼성생명,2024,1,금융_보험,,,2260255000000.0,312218844000000,279480913000000,32737931000000,
삼성에스디에스,2013,0,,7046832520854.0,505628873770.0,325982504939.0,5300099795352,1416720293412,3883379501940,
삼성에스디에스,2014,0,,7897747592292.0,593419182390.0,434272525474.0,5546045160128,1332020531160,4214024628968,
삼성에스디에스,2015,0,,7853458731256.0,588251362574.0,469830680454.0,6331679124457,1554827346233,4776851778224,
삼성에스디에스,2016,0,,8180186860839.0,627092295270.0,514327713066.0,6842003858379,1550879763798,5291124094581,
삼성에스디에스,2017,0,,9299206129920.0,731559148609.0,541772277273.0,7277760879807,1558331443164,5719429436643,
삼성에스디에스,2018,0,,10034218901478.0,877355813196.0,638792258413.0,8013849390714,1865297206344,6148552184370,
삼성에스디에스,2019,0,,10719631804166.0,990089397088.0,750448957378.0,9021235882454,2296078793954,6725157088500,
삼성에스디에스,2020,0,,11017431525517.0,871618076210.0,452908951325.0,9154919055538,2295810891305,6859108164233,
삼성에스디에스,2021,0,,13630002438924.0,808097771607.0,633381433112.0,10517432175247,3073731543176,7443700632071,
삼성에스디에스,2022,0,,17234749537662.0,916074023314.0,1130012585621.0,11952424889489,3485454954575,8466969934914,
삼성에스디에스,2023,0,,13276844204872.0,808230946594.0,701325761022.0,12321024561023,3345453419084,8975571141939,
삼성에스디에스,2024,0,,13828232033800.0,911096907001.0,789501325293.0,13238330251696,3532880772221,9705449479475,
삼성전기,2013,0,,7126507233616.0,540968464217.0,345692360329.0,7185342977580,2927315538614,4258027438966,
삼성전기,2014,0,,6100447147864.0,64948969155.0,508911818142.0,7718611985115,3075815904963,4642796080152,
삼성전기,2015,0,,6176258143768.0,301331565461.0,20643329453.0,7269452863202,2954069645289,4315383217913,
삼성전기,2016,0,,6033040463975.0,24399516934.0,22914358716.0,7662629259862,3325043961430,4337585298432,
삼성전기,2017,0,,6838474133399.0,306203428562.0,177255994375.0,7767403543048,3435912156718,4331491386330,
삼성전기,2018,0,,8193023252994.0,1018052799586.0,685018514202.0,8644914205829,3698416649570,4946497556259,
삼성전기,2019,0,,8040817645787.0,733968842460.0,528048551036.0,8674248229943,3244151344435,5430096885508,
삼성전기,2020,0,,8208738308011.0,829130678277.0,623811177841.0,9225498476076,3315102536579,5910395939497,
삼성전기,2021,0,,9675036127726.0,1486872833804.0,915432452695.0,9941374038447,3070248395636,6871125642811,
삼성전기,2022,0,,9424551868027.0,1182835924271.0,993519182170.0,10997170898641,3303686219356,7693484679285,
삼성전기,2023,0,,8909448483915.0,639423737120.0,450482125173.0,11657871601848,3627546626400,8030324975448,
삼성전기,2024,0,,10294102976435.0,735005856995.0,703215637082.0,12792402920884,3776548889114,9015854031770,
삼성전자,2013,0,,228692667000000.0,36785013000000.0,30474764000000.0,214075018000000,64059008000000,150016010000000,
삼성전자,2014,0,,206205987000000.0,25025071000000.0,23394358000000.0,230422958000000,62334770000000,168088188000000,
삼성전자,2015,0,,200653482000000.0,26413442000000.0,19060144000000.0,242179521000000,63119716000000,179059805000000,
삼성전자,2016,0,,201866745000000.0,29240672000000.0,22726092000000.0,262174324000000,69211291000000,192963033000000,
삼성전자,2017,0,,239575376000000.0,53645038000000.0,42186747000000.0,301752090000000,87260662000000,214491428000000,
삼성전자,2018,0,,243771415000000.0,58886669000000.0,44344857000000.0,339357244000000,91604067000000,247753177000000,
삼성전자,2019,0,,230400881000000.0,27768509000000.0,21738865000000.0,352564497000000,89684076000000,262880421000000,
삼성전자,2020,0,,236806988000000.0,35993876000000.0,26407832000000.0,378235718000000,102287702000000,275948016000000,
삼성전자,2021,0,,279604799000000.0,51633856000000.0,39907450000000.0,426621158000000,121721227000000,304899931000000,
삼성전자,2022,0,,302231360000000.0,43376630000000.0,55654077000000.0,448424507000000,93674903000000,354749604000000,
삼성전자,2023,0,,258935494000000.0,6566976000000.0,15487100000000.0,455905980000000,92228115000000,363677865000000,
삼성전자,2024,0,,300870903000000.0,32725961000000.0,34451351000000.0,514531948000000,112339878000000,402192070000000,
삼성중공업,2013,0,,14834500941591.0,914214285258.0,632205456990.0,17427146525233,11581350720238,5845795804995,
삼성중공업,2014,0,,12879061898890.0,183019978883.0,147320208845.0,17122234082586,11549072786819,5573161295767,
삼성중공업,2015,0,,9714441843944.0,-1501905498704.0,-1212110013347.0,17301591987466,13035846228181,4265745759285,
삼성중공업,2016,0,,10414188640168.0,-147199515568.0,-138776906437.0,17217462678653,10942151906389,6275310772264,
삼성중공업,2017,0,,7901235154581.0,-524163793609.0,-340748297267.0,13818113112135,8020660443379,5797452668756,
삼성중공업,2018,0,,5265119547241.0,-409252129669.0,-388188868698.0,14282891986284,7536612429439,6746279556845,
삼성중공업,2019,0,,7349656035614.0,-616585523278.0,-1315353147184.0,13600084435896,8351155863402,5248928572494,
삼성중공업,2020,0,,6860317642496.0,-1054144023100.0,-1492699901584.0,12922170785868,9203939004269,3718231781599,
삼성중공업,2021,0,,6622001487326.0,-1311956174022.0,-1452069565718.0,12138595961258,8041328855444,4097267105814,
삼성중공업,2022,0,,5944667452285.0,-854420950816.0,-627411807133.0,14491697984864,10919760587958,3571937396906,
삼성중공업,2023,0,,8009429912108.0,233344768042.0,-155556375770.0,15593389152394,12184181554327,3409207598067,
삼성중공업,2024,0,,9903077919464.0,502698683088.0,53877228765.0,17194637128138,13445186022785,3749451105353,
삼성증권,2021,1,금융_증권,,,965338208537.0,65707486999598,59626558211304,6080928788294,
삼성증권,2022,1,금융_증권,,,422405108435.0,53848261017182,47652352674387,6195908342795,
삼성증권,2023,1,금융_증권,,,547405708396.0,56507909508834,49885200114300,6622709394534,
삼성증권,2024,1,금융_증권,,,899037889864.0,62273916116630,54949703002180,7324213114450,
삼성화재해상보험,2021,1,금융_보험,,,1124710311207.0,94934011110452,79441679329735,15492331780717,
삼성화재해상보험,2022,1,금융_보험,,,1626701560909.0,80796010435039,68272537720188,12523472714851,
삼성화재해상보험,2023,1,금융_보험,,,1821614343047.0,85019029989421,68874631707984,16144398281437,
삼성화재해상보험,2024,1,금융_보험,,,2076797712983.0,87269492540789,71667277794649,15602214746140,
셀트리온,2013,0,,226207868892.0,99845426804.0,102454821066.0,1978508192255,891376233855,1087131958400,
셀트리온,2014,0,,471045510648.0,201468888037.0,117481628265.0,2322385038800,974603694147,1347781344653,
셀트리온,2015,0,,603412768883.0,258954318718.0,158281750300.0,2748230541703,938389810418,1809840731285,
셀트리온,2016,0,,670580961669.0,221243034062.0,149418660913.0,2883847406229,822974206572,2060873199657,
셀트리온,2017,0,,949079965214.0,499585550587.0,377725080593.0,3294095985833,883598310539,2410497675294,
셀트리온,2018,0,,982074959799.0,323131558365.0,237476360558.0,3503108204930,907848812346,2595259392584,
셀트리온,2019,0,,1128459877886.0,381532472575.0,301442694249.0,3859646629058,986733418125,2872913210933,
셀트리온,2020,0,,1849115532111.0,718577359816.0,525702909620.0,5020121254019,1592540899881,3427580354138,
셀트리온,2021,0,,1911601263030.0,756857107226.0,595779438812.0,5674122532472,1623747845677,4050374686795,
셀트리온,2022,0,,2283967480394.0,647198174586.0,542566233270.0,5891652311251,1617448041462,4274204269789,
셀트리온,2023,0,,2176431531380.0,651481422157.0,539706505110.0,19917534297169,2791739989934,17125794307235,
셀트리온,2024,0,,3557303554371.0,492015534847.0,418883310404.0,21055222437706,3475160069015,17580062368691,
신한지주,2021,1,금융_은행,,,4112628000000.0,648152185000000,598613763000000,49538422000000,
신한지주,2022,1,금융_은행,,,4755514000000.0,664433230000000,611009672000000,53423558000000,
신한지주,2023,1,금융_은행,,,4478000000000.0,691795333000000,635473468000000,56321865000000,
신한지주,2024,1,금융_은행,,,4558170000000.0,739764256000000,680943223000000,58821033000000,
아모레퍼시픽,2013,0,,3100413235735.0,369838194383.0,267359054309.0,3401848939922,833717406621,2568131533301,
아모레퍼시픽,2014,0,,3874007757738.0,563751120080.0,385133728193.0,3854577557467,976255280279,2878322277188,
아모레퍼시픽,2015,0,,4766627213300.0,772909945489.0,584796054551.0,4443101431013,1070770670057,3372330760956,
아모레퍼시픽,2016,0,,5645440160699.0,848103454099.0,645728659544.0,5181577129735,1284945059242,3896632070493,
아모레퍼시픽,2017,0,,5123825882104.0,596399136908.0,398003012440.0,5375684238596,1200310083813,4175374154783,
아모레퍼시픽,2018,0,,5277844561808.0,481980827939.0,334844563966.0,5371137217822,924720135375,4446417082447,
아모레퍼시픽,2019,0,,5580142192519.0,427834596504.0,223761027766.0,5989007790647,1490166987522,4498840803125,
아모레퍼시픽,2020,0,,4432179039394.0,143009119307.0,21869011689.0,5701918175747,1237520431552,4464397744195,
아모레퍼시픽,2021,0,,4863128496699.0,343357809050.0,180857693977.0,6116713932912,1372414055290,4744299877622,
아모레퍼시픽,2022,0,,4134932512111.0,214233255761.0,129264244958.0,5801783178159,1022508074100,4779275104059,
아모레퍼시픽,2023,0,,3673963593157.0,108171257062.0,173878928996.0,5886510888702,1013805677645,4872705211057,
아모레퍼시픽,2024,0,,3885110699186.0,220481343913.0,601641373835.0,6783507800768,1457499911662,5326007889106,
오리온,2017,0,,1117220559284.0,107426612765.0,76680272181.0,2257997919856,913093478256,1344904441600,
오리온,2018,0,,1926947888826.0,282175028930.0,143026319852.0,2351350662439,906808482374,1444542180065,
오리온,2019,0,,2023296057252.0,327588745357.0,220467907564.0,2452307263966,784763985498,1667543278468,
오리온,2020,0,,2229819933633.0,376122012796.0,274562274378.0,2665406433687,767898167759,1897508265928,
오리온,2021,0,,2355499705531.0,372909907402.0,263661820679.0,3120428660902,827878188583,2292550472319,
오리온,2022,0,,2873246771346.0,466654503027.0,398308074971.0,3371683914220,732455081520,2639228832700,
오리온,2023,0,,2912358051475.0,492391149504.0,384981955249.0,3521385127842,565908178494,2955476949348,
오리온,2024,0,,3104338576129.0,543587778241.0,533229552422.0,4308449797008,734403929389,3574045867619,
우리금융지주,2021,1,금융_은행,,,2807371000000.0,447183871000000,418333676000000,28850195000000,
우리금융지주,2022,1,금융_은행,,,3323982000000.0,480474396000000,448847054000000,31627342000000,
우리금융지주,2023,1,금융_은행,,,2626894000000.0,498004936000000,464607446000000,33397490000000,
우리금융지주,2024,1,금융_은행,,,3171469000000.0,525753320000000,489858051000000,35895269000000,
유한양행,2013,0,,943609130801.0,61839789838.0,86461208090.0,1513968939000,285723239356,1228245699644,
유한양행,2014,0,,1017491786423.0,74393055125.0,90947777976.0,1615971977660,340107298014,1275864679646,
유한양행,2015,0,,1128731291653.0,85837373726.0,126046994757.0,1880328618143,516388705748,1363939912395,
유한양행,2016,0,,1320797335286.0,97793027286.0,161248743738.0,2045941041016,549388685975,1496552355041,
유한양행,2017,0,,1462248030140.0,88709620146.0,109636658758.0,2094673423815,488348428333,1606324995482,
유한양행,2018,0,,1518822858428.0,50126443053.0,58334962324.0,2173812633315,522077129723,1651735503592,
유한양행,2019,0,,1480353606936.0,12535759291.0,36612325771.0,2117200258200,467208886676,1649991371524,
유한양행,2020,0,,1619865302675.0,84255098219.0,190401937316.0,2393522100926,547019907073,1846502193853,
유한양행,2021,0,,1687810317744.0,48596120264.0,99126677873.0,2463811804950,527922717347,1935889087603,
유한양행,2022,0,,1775846942745.0,36028967211.0,90592526174.0,2472728072149,464921702703,2007806369446,
유한양행,2023,0,,1858983759666.0,56759795062.0,134031517424.0,2814070521926,712337878463,2101732643463,
유한양행,2024,0,,2067791451854.0,54880319609.0,55163455235.0,2942048836634,791378826075,2150670010559,
이마트,2013,0,,13035263107976.0,735103988376.0,476244256237.0,13051829830494,6353901700082,6697928130412,
이마트,2014,0,,13153607337382.0,582977457565.0,291918307030.0,13827456646373,6767738549527,7059718096846,
이마트,2015,0,,13639993101625.0,503780001348.0,455879563363.0,14493751837603,7254388517991,7239363319612,
이마트,2016,0,,14777876303720.0,546854595914.0,381637144670.0,15428184324979,7304015242185,8124169082794,
이마트,2017,0,,15876686561466.0,566919510328.0,627938626633.0,16066507597137,7295105646199,8771401950938,
이마트,2018,0,,17049079116942.0,462827002755.0,476179032683.0,16753863685013,7896367362273,8857496322740,
이마트,2019,0,,19062879818284.0,150652508829.0,223836243277.0,21094758779809,10888018088222,10206740691587,
이마트,2020,0,,22033009980862.0,237151679441.0,362572647516.0,22340423719351,11843844819721,10496578899630,
이마트,2021,0,,24932680935679.0,316790902379.0,1589074047501.0,31242082400946,18841829087123,12400253313823,
이마트,2022,0,,29332413845888.0,135651681895.0,1007725545174.0,33201721508714,19718359591026,13483361917688,
이마트,2023,0,,29472247894459.0,-46935431343.0,-187466317757.0,33443865586475,19609634816186,13834230770289,
이마트,2024,0,,29020896860848.0,47098144142.0,-573430173306.0,33930639265588,20746562841227,13184076424361,
카카오,2013,0,,210775881783.0,65852344129.0,61406763238.0,217200419044,39943792702,177256626342,
카카오,2014,0,,498857728726.0,176427094294.0,149821510168.0,2768024898489,304796831515,2463228066974,
카카오,2015,0,,932151827086.0,88588297005.0,78764757714.0,3188477733309,603002737682,2585474995627,
카카오,2016,0,,1464232790315.0,116135055801.0,65455116983.0,5484117180416,1781173329468,3702943850948,
카카오,2021,0,,5910512880994.0,587884339202.0,1640484195406.0,22784559108590,9216225462911,13568333645679,
카카오,2022,0,,6798741511168.0,569355650551.0,1066994242805.0,22963651561449,9447968971124,13515682590325,
카카오,2023,0,,7557001757272.0,460857845673.0,-1816669011014.0,25179968939321,11321369715195,13858599224126,
카카오,2024,0,,7871692199887.0,460212161525.0,-161870567171.0,25773028304462,11830134144725,13942894159737,
케이씨씨,2013,0,,3233043061118.0,231742876897.0,248992623676.0,7051729095904,1958474226716,5093254869188,
케이씨씨,2014,0,,3399828905019.0,273391768412.0,326693597855.0,8654534050524,2425226276386,6229307774138,
케이씨씨,2015,0,,3414387967077.0,309210485562.0,185052520840.0,8668411154310,2799757666789,5868653487521,
케이씨씨,2016,0,,3490487870757.0,326583101601.0,152961873663.0,9162368431781,3195442999478,5966925432303,
케이씨씨,2017,0,,3863990044651.0,329834971200.0,42299633566.0,9543776838218,3677520039826,5866256798392,
케이씨씨,2018,0,,3782162955964.0,243524364576.0,-23103553364.0,8965418419357,3224071784111,5741346635246,
케이씨씨,2019,0,,2719563984151.0,133209522238.0,-221877261778.0,9382221503013,4928994646675,4453226856338,
케이씨씨,2020,0,,5083631492987.0,133845504026.0,560873030681.0,12347572328146,7101577326376,5245995001770,
케이씨씨,2021,0,,5874899292339.0,388769767968.0,-53211168479.0,12878863208936,7502796337015,5376066871921,
케이씨씨,2022,0,,6774793651227.0,467661528938.0,28661656966.0,13118486307658,7567347802320,5551138505338,
케이씨씨,2023,0,,6288442613717.0,312530203929.0,92502625102.0,13353471078397,7905941668878,5447529409519,
케이씨씨,2024,0,,6658762417820.0,471118235184.0,293294512467.0,13108550142754,8069234736205,5039315406549,
케이티,2013,0,,23810599000000.0,839343000000.0,-60251000000.0,34846533000000,21981623000000,12864910000000,
케이티,2014,0,,22311666000000.0,-406590000000.0,-966176000000.0,33775502000000,21985214000000,11790288000000,
케이티,2015,0,,22281221000000.0,1292944000000.0,631288000000.0,29341185000000,17175720000000,12165465000000,
케이티,2016,0,,22743665000000.0,1439979000000.0,797844000000.0,30587733000000,17792954000000,12794779000000,
케이티,2017,0,,23387267000000.0,1375286000000.0,561526000000.0,29580628000000,16504252000000,13076376000000,
케이티,2018,0,,23460143000000.0,1261522000000.0,762305000000.0,32188830000000,17457550000000,14731280000000,
케이티,2019,0,,24342064000000.0,1151065000000.0,669347000000.0,34061292000000,18874339000000,15186953000000,
케이티,2020,0,,23916667000000.0,1184107000000.0,703392000000.0,33662545000000,18111112000000,15551433000000,
케이티,2021,0,,24898005000000.0,1671824000000.0,1459395000000.0,37159341000000,20592180000000,16567161000000,
케이티,2022,0,,25650011000000.0,1690088000000.0,1387663000000.0,40980681000000,22565958000000,18414723000000,
케이티,2023,0,,26376273000000.0,1649774000000.0,988718000000.0,42709982000000,24148845000000,18561137000000,
케이티,2024,0,,26431204000000.0,809471000000.0,417094000000.0,41879957000000,23883408000000,17996549000000,
케이티앤지,2013,0,,3782629860387.0,1020072134595.0,558194389161.0,7002640647878,1678463450950,5324177196928,
케이티앤지,2014,0,,4101425018304.0,1196917974851.0,800411845995.0,7317144546951,1663989141303,5653155405648,
케이티앤지,2015,0,,4134035080230.0,1366334874100.0,1046154494168.0,8586509523456,2351662594147,6234846929309,
케이티앤지,2016,0,,4468855746161.0,1468833905970.0,1203742346800.0,9729918447913,2675026654324,7054891793589,
케이티앤지,2017,0,,4667193482245.0,1441057249907.0,1211446576020.0,10020315626764,2160131491892,7860184134872,
케이티앤지,2018,0,,4471515592060.0,1253459370040.0,903359164406.0,10197870417450,2029666601415,8168203816035,
케이티앤지,2019,0,,4963202297002.0,1379590577939.0,1037198624955.0,10752439455974,2012853967690,8739585488284,
케이티앤지,2020,0,,5301617653949.0,1481051152257.0,1171643099110.0,11468383152160,2376811495915,9091571656245,
케이티앤지,2021,0,,5228351596536.0,1338383479632.0,971758744656.0,11637271194200,2428409041148,9208862153052,
케이티앤지,2022,0,,5851406367817.0,1267649967727.0,1005327163465.0,12301715783797,2943135752405,9358580031392,
케이티앤지,2023,0,,5862608000000.0,1167336000000.0,922361000000.0,12772452000000,3477517000000,9294935000000,
케이티앤지,2024,0,,5908792000000.0,1188814000000.0,1164999000000.0,13925237000000,4566772000000,9358465000000,
코웨이,2013,0,,2118341565040.0,339032347920.0,245074651953.0,1667858723448,726970214529,940888508919,
코웨이,2014,0,,2160315530683.0,364428569870.0,249668412108.0,1621649446068,582214416813,1039435029255,
코웨이,2015,0,,2315242282662.0,463339186676.0,343120384785.0,1775397142505,537169311710,1238227830795,
코웨이,2016,0,,2376328167259.0,338797453029.0,243311232107.0,1967707893346,784364134789,1183343758557,
코웨이,2017,0,,2516772498930.0,472748950692.0,325607409036.0,2158873074812,1176616545271,982256529541,
코웨이,2018,0,,2707315204077.0,519827214801.0,349811489109.0,2378903077059,1291204844642,1087698232417,
코웨이,2019,0,,3018912502707.0,458275463578.0,332207676536.0,2854954793880,1777759209346,1077195584534,
코웨이,2020,0,,3237411475094.0,606438716580.0,404710859650.0,3029023072502,1539014181296,1490008891206,
코웨이,2021,0,,3664259556788.0,640219263049.0,465486095093.0,3800627982540,1896190300581,1904437681959,
코웨이,2022,0,,3856132895084.0,677378551681.0,457795616474.0,4365074875331,2053106158533,2311968716798,
코웨이,2023,0,,3966519721923.0,731255078054.0,471011104871.0,4850965736396,2213210951932,2637754784464,
코웨이,2024,0,,4310141694596.0,795373861343.0,565452186637.0,5761561091079,2565445323713,3196115767366,
크래프톤,2021,0,,1885351810718.0,639639249890.0,519877622732.0,5635100724323,1026856415552,4608244308771,
크래프톤,2022,0,,1854016090527.0,751606569542.0,500154032217.0,6030311640765,917461503208,5112850137557,
크래프톤,2023,0,,1910576180288.0,768045608970.0,594060314352.0,6440456619598,881636358567,5558820261031,
크래프톤,2024,0,,2709774106588.0,1182487684188.0,1302592653712.0,7919463568015,1090331965788,6829131602227,
키움증권,2021,1,금융_증권,,,910172830315.0,45301100676390,40999237946334,4301862730056,
키움증권,2022,1,금융_증권,,,508170326221.0,48037301112929,43444207177999,4593093934930,
키움증권,2023,1,금융_증권,,,440737008036.0,52046420344899,47142321220678,4904099124221,
키움증권,2024,1,금융_증권,,,834883309831.0,55688423730459,50056548792460,5631874937999,
포스코인터내셔널,2013,0,,17108578034000.0,158871871000.0,132993497000.0,8268621927000,6038372959000,2230248968000,
포스코인터내셔널,2014,0,,20407753120000.0,376066859000.0,176385469000.0,9340867224000,6966136732000,2374730492000,
포스코인터내셔널,2015,0,,17526906326000.0,368804258000.0,108577876000.0,8043303770000,5622114580000,2421189190000,
포스코인터내셔널,2016,0,,16492090197000.0,318139080000.0,122212627000.0,8288782432000,5785130162000,2503652270000,
포스코인터내셔널,2017,0,,22571653747000.0,401313863000.0,166818739000.0,9169985984000,6317509903000,2852476081000,
포스코인터내셔널,2018,0,,25173939721000.0,472623104000.0,115741119000.0,9881020333000,6991481795000,2889538538000,
포스코인터내셔널,2019,0,,24422574846000.0,605317746000.0,202398051000.0,8959415088000,5911354252000,3048060836000,
포스코인터내셔널,2020,0,,21472386358000.0,474478289000.0,229524209000.0,8328038736000,5167165003000,3160873733000,
포스코인터내셔널,2021,0,,33948864785000.0,585385807000.0,356487962000.0,10770734147000,7258594219000,3512139928000,
포스코인터내셔널,2022,0,,37989588330000.0,902507009000.0,604912380000.0,12516336931000,8118209853000,4398127078000,
포스코인터내셔널,2023,0,,33132821374000.0,1163112035000.0,680419303000.0,16617748008000,9992986028000,6624761980000,
포스코인터내셔널,2024,0,,32340793124000.0,1116921237000.0,503409725000.0,17336325971000,9986863050000,7349462921000,
포스코퓨처엠,2013,0,,1329930524958.0,74265392117.0,58029930105.0,630406330126,177995690648,452410639478,
포스코퓨처엠,2014,0,,1371066436273.0,94956901128.0,73290205193.0,721599926350,206785398222,514814528128,
포스코퓨처엠,2015,0,,1221228000895.0,56012559855.0,32168380149.0,717505710640,179281052065,538224658575,
포스코퓨처엠,2016,0,,1117704662075.0,85342098190.0,44528772820.0,723863094248,154463437780,569399656468,
포스코퓨처엠,2017,0,,1197158860569.0,103960741855.0,103959563440.0,835840209317,183650481947,652189727370,
포스코퓨처엠,2018,0,,1383593537088.0,106299428279.0,132752043977.0,947629179353,189497465099,758131714254,
포스코퓨처엠,2019,0,,1483769011914.0,89854950156.0,101163401402.0,1730132565095,723814621859,1006317943236,
포스코퓨처엠,2020,0,,1566235713095.0,60269659752.0,29747509154.0,2088053324226,1064436010090,1023617314136,
포스코퓨처엠,2021,0,,1989542181862.0,121675892582.0,133761698843.0,3922480303898,1484050371607,2438429932291,
포스코퓨처엠,2022,0,,3301915805063.0,165871669943.0,121928567124.0,4637476140189,1986831501348,2650644638841,
포스코퓨처엠,2023,0,,4759871486264.0,35882185999.0,4435219953.0,6334593297871,3723127307788,2611465990083,
포스코퓨처엠,2024,0,,3699944235821.0,721245866.0,-231338259262.0,7932459834018,4611953968440,3320505865578,
풍산,2013,0,,3022001154974.0,133112472719.0,60503279673.0,2684089620805,1691703383836,992386236969,
풍산,2014,0,,3000256079591.0,127592391116.0,73734125524.0,2859105520745,1810726113870,1048379406875,
풍산,2015,0,,2819677315024.0,111054253564.0,51652436370.0,2607569918760,1514575545563,1092994373197,
풍산,2016,0,,2831770051549.0,217800764150.0,137705682599.0,2714949031495,1480106423223,1234842608272,
풍산,2017,0,,2944963083170.0,241068224146.0,150694834888.0,2729495591735,1420361198004,1309134393731,
풍산,2018,0,,2774499774993.0,107501136708.0,62100098363.0,2668117561064,1288793217601,1379324343463,
풍산,2019,0,,2451305535330.0,41142663278.0,17625569038.0,2562507866141,1178693551157,1383814314984,
풍산,2020,0,,2593636025736.0,121208786517.0,71907050762.0,2552025017070,1105623742384,1446401274686,
풍산,2021,0,,3509498278523.0,314125035707.0,243387043769.0,3148260459261,1462625455417,1685635003844,
풍산,2022,0,,4372982501228.0,231619553412.0,175261942564.0,3395297191796,1553056946285,1842240245511,
풍산,2023,0,,4125263947257.0,228636480718.0,156440326543.0,3660628679317,1694674158819,1965954520498,
풍산,2024,0,,4554411454633.0,323768893078.0,236045982790.0,4096582596724,1897280647817,2199301948907,
하나금융지주,2021,1,금융_은행,,,3581582000000.0,502445270000000,466945930000000,35499340000000,
하나금융지주,2022,1,금융_은행,,,3639410000000.0,568603280000000,530975132000000,37628148000000,
하나금융지주,2023,1,금융_은행,,,3468356000000.0,591925995000000,551744278000000,40181717000000,
하나금융지주,2024,1,금융_은행,,,3768529000000.0,637847513000000,594270586000000,43576927000000,
하이브,2018,0,,301371824000.0,79930598000.0,-70465579000.0,205529168000,118269634000,87259534000,
하이브,2019,0,,587224478000.0,98742469000.0,72424095000.0,362989836000,189466915000,173522921000,
하이브,2020,0,,796283397000.0,145515649000.0,87061118000.0,1924442638000,725503228000,1198939410000,
하이브,2021,0,,1255926483000.0,190247657000.0,140834607000.0,4728915303000,1842330260000,2886585043000,
하이브,2022,0,,1776153957000.0,236907930000.0,48032125000.0,4870434315000,1941754310000,2928680005000,
하이브,2023,0,,2178088207000.0,295643307000.0,183449559000.0,5345681487000,2235766519000,3109914968000,
하이브,2024,0,,2255648536000.0,184045287000.0,-3431847000.0,5479186860000,1965408202000,3513778658000,
하이트진로,2013,0,,1897468863524.0,161051460938.0,79103047861.0,3553146711201,2170025901248,1383120809953,
하이트진로,2014,0,,1872333382745.0,93703353570.0,21253791241.0,3422364424374,2094436006828,1327928417546,
하이트진로,2015,0,,1907480759547.0,133987373328.0,53360071975.0,3460482406084,2135882406915,1324599999169,
하이트진로,2016,0,,1890232768003.0,124005913762.0,38447238559.0,3401085182093,2109181984361,1291903197732,
하이트진로,2017,0,,1889910216355.0,87249748641.0,12735965796.0,3507595838307,2290086564836,1217509273471,
하이트진로,2018,0,,1885626108724.0,90442082687.0,22272352563.0,3428143514612,2265764980049,1162378534563,
하이트진로,2019,0,,2035063966997.0,88246563619.0,-42394951310.0,3270859605479,2237663548924,1033196056555,
하이트진로,2020,0,,2256322945848.0,198478557062.0,86628492346.0,3297783698841,2223505552748,1074278146093,
하이트진로,2021,0,,2202903850371.0,174111104900.0,71771637523.0,3631051439683,2537892111011,1093159328672,
하이트진로,2022,0,,2497554821448.0,190571249139.0,86816258840.0,3333438311387,2172409936540,1161028374847,
하이트진로,2023,0,,2520181551629.0,123919983380.0,35511119931.0,3358347205530,2242471577188,1115875628342,
하이트진로,2024,0,,2599183408023.0,208141871425.0,95735005249.0,3441538598928,2292042901576,1149495697352,
한국가스공사,2013,0,,38062712699352.0,1488206912653.0,-203638808850.0,43666375501010,34733596500302,8932779000708,
한국가스공사,2014,0,,37284866761125.0,1071906156200.0,447222938586.0,46772022424901,37047646953693,9724375471208,
한국가스공사,2015,0,,26052723827797.0,1007812098118.0,319190289818.0,42385339683322,32328396263967,10056943419355,
한국가스공사,2016,0,,21108115739226.0,917634127035.0,-673557722674.0,39927835678475,30541349919237,9386485759238,
한국가스공사,2017,0,,22172305487411.0,1033936616381.0,-1191735429100.0,37139439444281,28999025482472,8140413961809,
한국가스공사,2018,0,,26185037650646.0,1276858676410.0,526744603689.0,39689691576431,31191707143191,8497984433240,
한국가스공사,2019,0,,24982639514904.0,1334514162004.0,58269151996.0,39311854557705,31165333774702,8146520783003,
한국가스공사,2020,0,,20833721595457.0,898855103216.0,-160683052530.0,35909774516082,28174619094112,7735155421970,
한국가스공사,2021,0,,27520756430324.0,1239699333407.0,964522139121.0,43669902324183,34550566518376,9119335805807,
한국가스공사,2022,0,,51724286632369.0,2463421952045.0,1497008012582.0,62424983096053,52014242784013,10410740312040,
한국가스공사,2023,0,,44555995015027.0,1553418857598.0,-747428633334.0,57254666338284,47428628235286,9826038102998,
한국가스공사,2024,0,,38388740000000.0,3003363000000.0,1148985000000.0,57669637000000,46843281000000,10826356000000,
한국금융지주,2021,1,금융_증권,,,1764554047156.0,82036577890168,74608457222400,7428120667768,
한국금융지주,2022,1,금융_증권,,,639808461785.0,86308574156762,78602833042174,7705741114588,
한국금융지주,2023,1,금융_증권,,,708063414580.0,95901185591112,87456133489762,8445052101350,
한국금융지주,2024,1,금융_증권,,,1045868641939.0,109220199166181,99485650231644,9734548934537,
한국전력공사,2013,0,,54037795000000.0,1518965000000.0,174306000000.0,155527334000000,104076598000000,51450736000000,
한국전력공사,2014,0,,57474883000000.0,5787565000000.0,2798967000000.0,163708289000000,108883279000000,54825010000000,
한국전력공사,2015,0,,58957722000000.0,11346732000000.0,13416373000000.0,175257359000000,107314884000000,67942475000000,
한국전력공사,2016,0,,60190384000000.0,12001599000000.0,7148327000000.0,177837042000000,104786497000000,73050545000000,
한국전력공사,2017,0,,59814862000000.0,4953152000000.0,1441394000000.0,181788915000000,108824274000000,72964641000000,
한국전력공사,2018,0,,60627610000000.0,-208001000000.0,-1174498000000.0,185249061000000,114156299000000,71092762000000,
한국전력공사,2019,0,,59172890000000.0,-1276521000000.0,-2263535000000.0,197597792000000,128708143000000,68889649000000,
한국전력공사,2020,0,,58569314000000.0,4086275000000.0,2092469000000.0,203142111000000,132475265000000,70666846000000,
한국전력공사,2021,0,,60574819000000.0,-5860143000000.0,-5229225000000.0,211108870000000,145797021000000,65311849000000,
한국전력공사,2022,0,,71257863000000.0,-32655153000000.0,-24429108000000.0,234804994000000,192804738000000,42000256000000,
한국전력공사,2023,0,,88219461000000.0,-4541648000000.0,-4716144000000.0,239714965000000,202450215000000,37264750000000,
한국전력공사,2024,0,,93398896000000.0,8364710000000.0,3621968000000.0,246807795000000,205444962000000,41362833000000,
한국타이어앤테크놀로지,2013,0,,7069237652714.0,1031006495441.0,735031886365.0,7776713390835,3852577581072,3924135809763,
한국타이어앤테크놀로지,2014,0,,6680847700909.0,1031636563475.0,699295189116.0,8320082168585,3803608990900,4516473177685,
한국타이어앤테크놀로지,2015,0,,6428172502457.0,884990087910.0,656504240787.0,9496138131978,4355349929486,5140788202492,
한국타이어앤테크놀로지,2016,0,,6621762292163.0,1103227758751.0,879090215731.0,9621973238753,3660493919044,5961479319709,
한국타이어앤테크놀로지,2017,0,,6812857982362.0,793431771814.0,606456841401.0,9518786151144,3145279905934,6373506245210,
한국타이어앤테크놀로지,2018,0,,6795088815835.0,702650599990.0,530380683888.0,9796442247019,3006129279194,6790312967825,
한국타이어앤테크놀로지,2019,0,,6883268577435.0,543964831621.0,429614534254.0,10164607903070,2977390789500,7187217113570,
한국타이어앤테크놀로지,2020,0,,6453071785362.0,628270555481.0,385205382320.0,10658547888637,3246400366409,7412147522228,
한국타이어앤테크놀로지,2021,0,,7141136827775.0,642192906442.0,604335535937.0,11703918122819,3498782297830,8205135824989,
한국타이어앤테크놀로지,2022,0,,8394203036511.0,705818089039.0,705774525978.0,12581364159005,3705654911026,8875709247979,
한국타이어앤테크놀로지,2023,0,,8939621475507.0,1327945320791.0,728792952155.0,12763305688360,3133752512020,9629553176340,
한국타이어앤테크놀로지,2024,0,,9411947926996.0,1762260288101.0,1131097818215.0,15849744509888,4654891700069,11194852809819,
한국항공우주,2013,0,,1983266000000.0,70729000000.0,36545000000.0,1951527000000,1047302000000,904225000000,
한국항공우주,2014,0,,2328613000000.0,189342000000.0,132380000000.0,2108950000000,1108250000000,1000700000000,
한국항공우주,2015,0,,3039737000000.0,379703000000.0,259193000000.0,2808158000000,1593708000000,1214450000000,
한국항공우주,2016,0,,2946331000000.0,320092000000.0,264801000000.0,2980840000000,1535264000000,1445576000000,
한국항공우주,2017,0,,2072249142312.0,-208873254329.0,-235185852776.0,3166223008512,2025817851673,1140405156839,
한국항공우주,2018,0,,2786023511399.0,146382520066.0,55539464108.0,3755863511022,2702957417629,1052906093393,
한국항공우주,2019,0,,3110157574663.0,275564427840.0,168292166221.0,4367135608525,3183974946284,1183160662241,
한국항공우주,2020,0,,2825136012824.0,139524243361.0,72313949881.0,5159070657348,3924790737693,1234279919655,
한국항공우주,2021,0,,2562283675152.0,58259436460.0,53272528569.0,5855223992714,4557779985276,1297444007438,
한국항공우주,2022,0,,2786888282702.0,141617667318.0,115919395720.0,7772406693424,6319189867558,1453216825866,
한국항공우주,2023,0,,3819344382446.0,247510483155.0,221401119895.0,7139576928721,5519636411444,1619940517277,
한국항공우주,2024,0,,3633742105840.0,240718310400.0,170895410977.0,8025538409393,6298361527272,1727176882121,
한미약품,2013,0,,730133509597.0,61895244571.0,50534447712.0,880869228715,417954179558,462915049157,
한미약품,2014,0,,761279849468.0,34452014224.0,43295070634.0,1033334526415,444088360598,589246165817,
한미약품,2015,0,,1317534519130.0,211799975638.0,162060447333.0,1722592752818,977784819047,744807933771,
한미약품,2016,0,,882724835492.0,26771865368.0,30299647921.0,1596970589389,862453634938,734516954451,
한미약품,2017,0,,916586234608.0,82163675888.0,68973581262.0,1660934086136,868509824482,792424261654,
한미약품,2018,0,,1015962250114.0,83573576285.0,34156165932.0,1691209668597,901953197486,789256471111,
한미약품,2019,0,,1113649783994.0,103877846130.0,63867247550.0,1913706257532,1091444832633,822261424899,
한미약품,2020,0,,1075853605008.0,48976342021.0,17289714876.0,1882026593387,1050137118495,831889474892,
한미약품,2021,0,,1203185652812.0,125415874751.0,81478223722.0,1936728687294,1008469278529,928259408765,
한미약품,2022,0,,1331546600126.0,158090311455.0,101558192480.0,1924585730838,915359048755,1009226682083,
한미약품,2023,0,,1490887463726.0,220691065020.0,165366177835.0,1898668375968,798457731813,1100210644155,
한미약품,2024,0,,1495501575568.0,216186188006.0,140431062099.0,2020840493653,780088902015,1240751591638,
한진칼,2013,0,,241375289751.0,28978680711.0,16178208177.0,1425205736634,668056959803,757148776831,
한진칼,2014,0,,624969749149.0,75525031540.0,324085760996.0,2416821443836,791565564171,1625255879665,
한진칼,2015,0,,722309231518.0,74278876068.0,-193723899362.0,2315048938843,846537512824,1468511426019,
한진칼,2016,0,,991024369234.0,98977829886.0,-422943694079.0,2062032035718,955546724280,1106485311438,
한진칼,2017,0,,1149657255468.0,115286289305.0,229432996896.0,2775783759727,1062253606935,1713530152792,
한진칼,2018,0,,1304892514563.0,108792138047.0,-12795633993.0,2850066743347,1126137598352,1723929144995,
한진칼,2019,0,,1203497716660.0,-3881273804.0,-260570998880.0,2693659191237,1272981765136,1420677426101,
한진칼,2020,0,,408827146481.0,-221140549162.0,-341532739427.0,3488569253234,1824304096307,1664265156927,
한진칼,2021,0,,395278013105.0,-195175723509.0,-35695759409.0,3754742183026,1930524163632,1824218019394,
한진칼,2022,0,,200336082220.0,14487192387.0,659568334244.0,3915077621174,1339020434490,2576057186684,
한진칼,2023,0,,275726817725.0,42843084229.0,388329013825.0,3784921894235,931046374471,2853875519764,
한진칼,2024,0,,292157342000.0,49192742000.0,512176366000.0,4207157981000,893997036000,3313160945000,
한화손해보험,2021,1,금융_보험,,,94867381537.0,20284988079286,18825405054947,1459583024339,
한화손해보험,2022,1,금융_보험,,,187263661938.0,17173511589408,13942309499679,3231202089729,
한화손해보험,2023,1,금융_보험,,,212756867457.0,18115263746011,14769484441908,3345779304103,
한화손해보험,2024,1,금융_보험,,,315967449038.0,19834160583099,16881077312368,2953083270731,
한화솔루션,2013,0,,7863554072028.0,97894084627.0,-79539939602.0,12807062089618,8350337271868,4456724817750,
한화솔루션,2014,0,,8055333189002.0,141260282956.0,11390166122.0,12597023733415,7817545449047,4779478284368,
한화솔루션,2015,0,,8036991362167.0,337012931388.0,180415766483.0,13852619722836,8921461334624,4931158388212,
한화솔루션,2016,0,,9258832683954.0,779218090575.0,770943675548.0,13817913129303,8349586420374,5468326708929,
한화솔루션,2017,0,,9341813226373.0,756410990517.0,834534179123.0,13649487899740,7462014737362,6187473162378,
한화솔루션,2018,0,,9046041904194.0,354345747966.0,160444990066.0,15231475447557,9004379085506,6227096362051,
한화솔루션,2019,0,,9503286226445.0,378325667351.0,-248864999187.0,15681128868341,9875281658412,5805847209929,
한화솔루션,2020,0,,9195008128360.0,594183118076.0,301722374169.0,15137319821657,9169604331158,5967715490499,
한화솔루션,2021,0,,10725192384822.0,738347655292.0,616328220396.0,20007572194182,11806325074949,8201247119233,
한화솔루션,2022,0,,13653948104906.0,966247380110.0,366023151112.0,23831697412977,13934785853643,9896911559334,
한화솔루션,2023,0,,13288744762930.0,604528962904.0,-155257718254.0,24492909473815,15482363318996,9010546154819,
한화솔루션,2024,0,,12394023649010.0,-300237959946.0,-1368980474463.0,30036831374114,19429975219652,10606856154462,
한화에어로스페이스,2013,0,,2629768827621.0,96034911791.0,133038653841.0,3434224083597,1729443481319,1704780602278,
한화에어로스페이스,2014,0,,2615618108499.0,7861224305.0,-118181869522.0,3601728499145,1958676389623,1643052109522,
한화에어로스페이스,2015,0,,2613405506139.0,-59560268060.0,6244417206.0,4107930433923,1862814913893,2245115520030,
한화에어로스페이스,2016,0,,3518876664698.0,150726416229.0,345869269060.0,5652438366206,3311673751474,2340764614732,
한화에어로스페이스,2017,0,,4215471442145.0,82908571814.0,-47748078675.0,5747573160594,3566619939625,2180953220969,
한화에어로스페이스,2018,0,,4453176623308.0,53177339126.0,49251058766.0,7396686212948,4760935791485,2635750421463,
한화에어로스페이스,2019,0,,5264114375095.0,165225934743.0,162427318272.0,8708410720271,5853055428024,2855355292247,
한화에어로스페이스,2020,0,,5321444270673.0,243947058546.0,164739761653.0,9464815678256,6475090147420,2989725530836,
한화에어로스페이스,2021,0,,6415087932347.0,383046885903.0,301762016281.0,11045830630560,7114272103768,3931558526792,
한화에어로스페이스,2022,0,,6539605817572.0,377215126599.0,152027954710.0,15157301978809,11233518424948,3923783553861,
한화에어로스페이스,2023,0,,9359005981309.0,691114682400.0,976918345793.0,19542899925708,14858674607799,4684225317909,
한화에어로스페이스,2024,0,,11240121484118.0,1731878825342.0,2539873460538.0,43336873685473,31972556938163,11364316747310,
한화투자증권,2021,1,금융_증권,,,144126968419.0,11791027414662,9920841050333,1870186364329,
한화투자증권,2022,1,금융_증권,,,-54867378075.0,12111249518203,10555667496176,1555582022027,
한화투자증권,2023,1,금융_증권,,,9298482501.0,13250183608173,11677138582440,1573045025733,
한화투자증권,2024,1,금융_증권,,,38890352038.0,14018124416878,12311894368683,1706230048195,
현대건설,2013,0,,13852042000000.0,704097000000.0,499389000000.0,14666501000000,9532257000000,5134244000000,
현대건설,2014,0,,17276480000000.0,829195000000.0,479340000000.0,18244600000000,11457294000000,6787306000000,
현대건설,2015,0,,19233180000000.0,1089328000000.0,663778000000.0,19350103000000,11959465000000,7390638000000,
현대건설,2016,0,,18825015000000.0,1158959000000.0,731713000000.0,19873443000000,11748798000000,8124645000000,
현대건설,2017,0,,16887090000000.0,986105000000.0,371564000000.0,18431902000000,9958964000000,8472938000000,
현대건설,2018,0,,16730894000000.0,839989000000.0,535303000000.0,18054609000000,9762753000000,8291856000000,
현대건설,2019,0,,17278792000000.0,859667000000.0,573331000000.0,18226972000000,9511990000000,8714982000000,
현대건설,2020,0,,16970859000000.0,548972000000.0,227697000000.0,17939274000000,9172896000000,8766378000000,
현대건설,2021,0,,18065534000000.0,753504000000.0,554377000000.0,19637264000000,10207973000000,9429291000000,
현대건설,2022,0,,21239082000000.0,574902000000.0,470876000000.0,20911708000000,10987431000000,9924277000000,
현대건설,2023,0,,29651357000000.0,785430000000.0,654281000000.0,23714495000000,13258980000000,10455515000000,
현대건설,2024,0,,32670268000000.0,-1263420000000.0,-766221000000.0,27005385000000,17335972000000,9669413000000,
현대글로비스,2013,0,,12861255452693.0,636909385503.0,481280885266.0,5069219085179,2735382512701,2333836572478,
현대글로비스,2014,0,,13922020908396.0,644629115875.0,536239893955.0,6196213723167,3425138662081,2771075061086,
현대글로비스,2015,0,,14671209542520.0,698026757210.0,376786373554.0,7478514338676,4381749162290,3096765176386,
현대글로비스,2016,0,,15340631691891.0,728791166248.0,505707468911.0,7967477349520,4490031219941,3477446129579,
현대글로비스,2017,0,,16358289275041.0,727070498474.0,680453843815.0,8185663711874,4196146497851,3989517214023,
현대글로비스,2018,0,,16865565662638.0,710140105666.0,437373374120.0,8687842635183,4427675606792,4260167028391,
현대글로비스,2019,0,,18270050465618.0,876537578535.0,502322713669.0,10129735810035,5459455695590,4670280114445,
현대글로비스,2020,0,,16519884633100.0,662150585636.0,606142677103.0,10898704436618,5832335783458,5066368653160,
현대글로비스,2021,0,,21779581931003.0,1126245705403.0,783175862240.0,12170928242765,6358516107411,5812412135354,
현대글로비스,2022,0,,26981880971123.0,1798516596130.0,1192805576043.0,13877784500296,6998172212338,6879612287958,
현대글로비스,2023,0,,25683197164064.0,1554032510087.0,1070090664293.0,14725019903938,6941096283685,7783923620253,
현대글로비스,2024,0,,28407374301315.0,1752867442226.0,1099486986046.0,16849145438725,8039781176784,8809364261941,
현대모비스,2013,0,,33242240000000.0,3022413000000.0,3396421000000.0,34430309000000,14237123000000,20193186000000,
현대모비스,2014,0,,35126612000000.0,3141242000000.0,3392512000000.0,39111916000000,15825813000000,23286103000000,
현대모비스,2015,0,,36019749000000.0,2934571000000.0,3040049000000.0,37774833000000,12098593000000,25676240000000,
현대모비스,2016,0,,38261745000000.0,2904692000000.0,3047282000000.0,41711608000000,13153619000000,28557989000000,
현대모비스,2017,0,,35144580000000.0,2024929000000.0,1557723000000.0,41736819000000,12377861000000,29358958000000,
현대모비스,2018,0,,35149219000000.0,2024957000000.0,1888206000000.0,43071132000000,12367704000000,30703428000000,
현대모비스,2019,0,,38048768000000.0,2359257000000.0,2294311000000.0,46606064000000,14196442000000,32409622000000,
현대모비스,2020,0,,36626504000000.0,1830292000000.0,1526850000000.0,48497676000000,15169553000000,33328123000000,
현대모비스,2021,0,,41702184000000.0,2040112000000.0,2362474000000.0,51482537000000,16125063000000,35357474000000,
현대모비스,2022,0,,51906293000000.0,2026531000000.0,2487244000000.0,55406698000000,17599066000000,37807632000000,
현대모비스,2023,0,,59254361000000.0,2295284000000.0,3423309000000.0,58585845000000,17930546000000,40655299000000,
현대모비스,2024,0,,57236995000000.0,3073456000000.0,4060161000000.0,66596905000000,20478673000000,46118232000000,
현대백화점,2013,0,,1533735006000.0,393231023000.0,337566358000.0,5600706253000,2054604439000,3546101814000,
현대백화점,2014,0,,1551860911000.0,363655217000.0,291023905000.0,5683921344000,1894949129000,3788972215000,
현대백화점,2015,0,,1656960042000.0,362826391000.0,280261974000.0,6160846844000,2129966969000,4030879875000,
현대백화점,2016,0,,1831801786000.0,383166436000.0,321112180000.0,6587262226000,2276668481000,4310593745000,
현대백화점,2017,0,,1848140316000.0,393668688000.0,302249519000.0,6777281518000,2159552233000,4617729285000,
현대백화점,2018,0,,1862205782000.0,356659054000.0,287418964000.0,6988562089000,2159469660000,4829092429000,
현대백화점,2019,0,,2198949660000.0,292244731000.0,243010565000.0,6475513616000,2643807874000,3831705742000,
현대백화점,2020,0,,2273151865000.0,135863991000.0,105056700000.0,7564213225000,3674740993000,3889472232000,
현대백화점,2021,0,,3572433182000.0,264365188000.0,233388925000.0,7750389316000,3743568385000,4006820931000,
현대백화점,2022,0,,5014123629000.0,320928734000.0,186026376000.0,9888936977000,5702018783000,4186918194000,
현대백화점,2023,0,,4207452895000.0,303469763000.0,-39776206000.0,11712592639000,5433464917000,6279127722000,
현대백화점,2024,0,,4187614464000.0,284042489000.0,-753549000.0,11217721674000,4983278191000,6234443483000,
현대자동차,2013,0,,87307636000000.0,8315497000000.0,8993497000000.0,133421479000000,76838690000000,56582789000000,
현대자동차,2014,0,,89256319000000.0,7549986000000.0,7649468000000.0,147225117000000,84604552000000,62620565000000,
현대자동차,2015,0,,91958736000000.0,6357906000000.0,6509165000000.0,165367946000000,98486545000000,66881401000000,
현대자동차,2016,0,,93649024000000.0,5193500000000.0,5719653000000.0,178835928000000,106491350000000,72344578000000,
현대자동차,2017,0,,96376079000000.0,4574667000000.0,4546400000000.0,178199454000000,103442100000000,74757354000000,
현대자동차,2018,0,,96812609000000.0,-59322000000.0,374888000000.0,180655752000000,106759742000000,73896010000000,
현대자동차,2019,0,,105746422000000.0,1580164000000.0,2767666000000.0,194512220000000,118146466000000,76365754000000,
현대자동차,2020,0,,103997601000000.0,2394671000000.0,526975000000.0,209344212000000,133003242000000,76340970000000,
현대자동차,2021,0,,117610626000000.0,6678949000000.0,645526000000.0,233946415000000,151330626000000,82615789000000,
현대자동차,2022,0,,142527535000000.0,9819769000000.0,3701958000000.0,255742462000000,164845917000000,90896545000000,
현대자동차,2023,0,,162663579000000.0,15126901000000.0,12272301000000.0,282463355000000,180653915000000,101809440000000,
현대자동차,2024,0,,175231153000000.0,14239592000000.0,13229908000000.0,339798429000000,219522496000000,120275933000000,
현대제철,2013,0,,13532755009374.0,762603055014.0,709398932490.0,29520275369779,16155592193573,13364683176206,
현대제철,2014,0,,16762359710587.0,1491138483488.0,782295355715.0,28933799402148,15119011830333,13814787571815,
현대제철,2015,0,,16132512865309.0,1464141742728.0,739166631634.0,31936433537461,16416434935333,15519998602128,
현대제철,2016,0,,16691511903578.0,1445002081554.0,833978520563.0,32389271862348,16025632841195,16363639021153,
현대제철,2017,0,,19165963848372.0,1367550419719.0,727540143053.0,33373824864352,16338301856344,17035523008008,
현대제철,2018,0,,20780381550301.0,1026089374644.0,407959435202.0,33304917422605,16281783447413,17023133975192,
현대제철,2019,0,,20512590431956.0,331297506282.0,25613298147.0,34366332508379,17132592383734,17233740124645,
현대제철,2020,0,,18023398349630.0,73032437891.0,-440119749803.0,34845040108141,18152008766582,16693031341559,
현대제철,2021,0,,22849920977857.0,2447503013134.0,1505154568208.0,37042298365641,18781894205821,18260404159820,
현대제철,2022,0,,27340601237802.0,1616457125289.0,1038192930309.0,36800955829773,17672412852352,19128542977421,
현대제철,2023,0,,25914760456167.0,798325068073.0,442983461011.0,35218841930044,15722841602022,19496000328022,
현대제철,2024,0,,23226141091217.0,159492008580.0,8814214272.0,34743788025637,15410222889378,19333565136259,
현대해상,2021,1,금융_보험,,,432572359109.0,52818002945135,47809992570177,5008010374958,
현대해상,2022,1,금융_보험,,,1294975508162.0,46252595500839,36744509270264,9508086230575,
현대해상,2023,1,금융_보험,,,607828606638.0,44087986399072,38032594522814,6055391876258,
현대해상,2024,1,금융_보험,,,850533055882.0,48523790593883,43780411936254,4743378657629,
호텔신라,2013,0,,2296998372595.0,86566556566.0,10809989217.0,1712070637084,1033516999179,678553637905,
호텔신라,2014,0,,2908977192335.0,138980016241.0,73482881944.0,1907452204204,1177480185393,729972018811,
호텔신라,2015,0,,3251679551390.0,77150368054.0,18482064635.0,2176705186828,1432755895740,743949291088,
호텔신라,2016,0,,3715311073945.0,78965728348.0,27830465718.0,2040955002593,1379414317857,661540684736,
호텔신라,2017,0,,4011499999472.0,73086158077.0,,2249913438636,1581775583641,668137854995,
호텔신라,2018,0,,4713673210396.0,209105000768.0,,2303742128337,1538678672070,765063456267,
호텔신라,2019,0,,5717306417234.0,295859974844.0,,3527280624051,2607739512729,919541111322,
호텔신라,2020,0,,3188065338010.0,-185280168134.0,,2893842458745,2269886507822,623955950923,
호텔신라,2021,0,,3779129065561.0,118811528171.0,27059370238.0,2656449911686,2079545237446,576904674240,
호텔신라,2022,0,,4922008727369.0,78346330937.0,-50164252064.0,2938544987435,2398761037870,539783949565,
호텔신라,2023,0,,3568466181329.0,91230447816.0,85978496138.0,3006538770202,2398045990017,608492780185,
호텔신라,2024,0,,3947552203343.0,-5184329302.0,-61501483516.0,3813885971903,2529540898565,1284345073338,
효성,2013,0,,12579156963270.0,485912289306.0,-236244456890.0,13593412882871,10919332052652,2674080830219,
효성,2014,0,,12177134354515.0,600346262233.0,291989964756.0,13662073774019,10766805035688,2895268738331,
효성,2015,0,,12458453529733.0,950168850345.0,525890997910.0,14013177864151,10541064325536,3472113538615,
효성,2016,0,,11929113071954.0,1016346708846.0,475401956226.0,14120801414917,10279585009887,3841216405030,
효성,2017,0,,12546410309121.0,770807277329.0,340839217054.0,14534978561488,10671696866127,3863281695361,
효성,2018,0,,2991006158183.0,143483398266.0,3425976747022.0,6407904915731,3705758075892,2702146839839,
효성,2019,0,,3373447404431.0,236828089086.0,150009464862.0,6527055213077,3816813415960,2710241797117,
효성,2020,0,,2782554818809.0,138793355652.0,1220252292.0,4429749879590,1915426594884,2514323284706,
효성,2021,0,,3538942985039.0,640562745995.0,540586504793.0,5257873533894,2265599709955,2992273823939,
효성,2022,0,,3719325523137.0,64887143335.0,24807189262.0,5267284720508,2369980096744,2897304623764,
효성,2023,0,,3436688023238.0,94366525424.0,-438141363.0,5088858301845,2312626241262,2776232060583,
효성,2024,0,,2272756398560.0,221133379310.0,484258153404.0,4340864429768,1836425734781,2504438694987,
